X_Chloranthistemon_endressii,0,?,0,?,?,?,?,?,?,?,0,0,0,?,0,0,1,1,?,?,?,?,0,?,1,?,0,?,?,?
X_Dakotanthus_cordiformis,0,0,1,1,0&1,0,0,1,3,1,1,1,0,0,0&1,1,0,0,0,1,3,0,3,1,1,0,?,0,3,2
X_Kajanthus_lusitanicus,0,0,1,2,0,0,0,2,1,1,1,0,0,?,2,0,0,0,0,1,1,0,2,0,0,?,2,?,3,0
X_Mauldinia_mirabilis,0,0,1,1,0&1,0,0,1,1,0&1,1,1,0,1,0&1&2,0,2,1,0,2,1,?,0,?,1,?,0,?,?,?
X_Microvictoria_svitkoana,0,0,1,2,0,0,1,?,?,1,2,0,0,0,?,0,?,1,1,?,?,1,4,0,0,0,?,?,?,?
X_Paleoclusia_chevalieri,?,0,1,1,0,0,0,1,3,1,2,?,1,0,?,1,0,0,0,0,3,0,3,1,1,1,2,0,3,2
X_Paradinandra_suecica,0,0,1,1,0&1,0,0,1,3,1,2,1,0&1,0&1,?,0,0,0,0,1,3,0,2,1,1,0&1,2,0&1,3,0
X_Spanomera_mauldinensis,1,0,1,0,0,?,0,1,0,0,0,1,0,?,0&1,1,0,1,0,1,0,0,1,?,1,0,?,?,3,0
X_Tylerianthus_crossmanensis,0,1,1,1,0&1,0,0,1,3,1,0,1,0&1,?,0,0,0,0,0,1,3,0,1,1,1,0,2,0,3,2
X_Virginianthus_calycanthoides,0,0,1,2,0,0,1,?,?,0,2,0,0,?,2,0,1,1,1,?,?,1,4,0,?,0,1,?,1,0
Abatia_parviflora,0,0,1,0,0&1,0,0,0,2&3,?,2,1,0,?,0,0,0,0,?,?,?,?,2,1,1,1,2,1,3,2
Abelia_triflora,0,1,1,1,0&1,0,0,1,3,1,0,?,0,1,0,?,?,?,0,0,?,0,2,?,1,1,0,?,3,2
Abrophyllum_ornans,0,0,1,1&2,0&1,0,0,1,2&3,1,0,?,0,0,0,0,0,?,0,0,3,0,3,1,0&1,1,1&2,0,3,2
Acacia_fimbriata,0,?,1,1,0&1,?,0,1,3,1,2,1,0,?,?,?,0,?,?,?,?,?,0,?,1,?,2,?,?,?
Acalypha_californica,1,0,1,0,?,0,0,0,1&2&3,?,0&1,1,0,0,?,?,0,?,?,?,?,0,2,?,?,?,0,?,3,2
Acanthochlamys_bracteata,0,1,1,1,1,0,0,1,1,1,1,?,0,1,0,1,0,0,0,1,1,0,2,1,1,1,2,0&1,1,0
Acanthus_montanus,0,0,1,1,?,1,0,1,2&3,1,0,1,0,1,0,?,0,?,0,0,2,0,1,1,1,1,0&1,0,3,0
Acharia_tragodes,1,0,1,1,0&1,0,0,1,1&2,1,0,1,0,0,0,0,0,?,0,0,1&2,0,2&3,1,1,?,1,1,3,2
Acicarpha_tribuloides,0&1,1,1,1,0&1,0,0,1,3,1,0,?,1,1,0,0,0,?,0,0,3,?,3,1,1,1,0,?,3,2
Acorus_gramineus,0,0,1,1,0,1,0,1,1,0,1,1,0,0,0,1,0,1,0,1,1,0,2,1,1,?,2,?,1,0
Acridocarpus_natalitius,0,0,1,1,?,1,0,1,3,1,1,0,0&1,?,?,0,0,0,0,1,3,0,2,?,1,0,0,?,?,?
Actinidia_chinensis,0,0,1,1,0&1,0,0,1,3,1,2,1,0,0,0&2,?,0,?,0,0&2,?,0,4,1,1,0,2,0,3,2
Adoxa_moschatellina,0,1,1,1,?,0,0,1,1&2&3,1,0,1,0,1,2,1,0,0,0,0,2&3,0,3,1,1,0,0,0,3,2
Aesculus_pavia,0&1,0,1,1,0&1,1,0,1,2&3,1,1,1,0,0,?,1,0,0,0,1,?,0,2,1,1,1,1,0,3,2
Aextoxicon_punctatum,0,0,1,1&2,0,0,0,1,3,1,0&1,1,0,0,0,?,?,?,0,0,3,?,0,?,?,?,1,?,3,2
Afrolicania_elaeosperma,?,0,1,0,0,0,0,0,3,?,2,1,0,0,?,1,0,?,0,0,?,?,0,?,1,?,1,?,3,2
Afrostyrax_lepidophyllus,0,0,1,1,?,0,0,1,3,1,1,1,0,0,?,0,0,1,0,1,3,0,3,1,1,1,0,?,?,?
Agave_ghiesbreghtii,0,1,1,1,1,0,0,?,?,?,1,1,0,0,0,1,?,?,0,?,1,?,?,?,?,?,?,?,?,?
Ailanthus_altissima,1,0,1,1,?,0,0,1,3,1,1,?,0,0,0,?,?,?,0,1,3,?,3,?,1,?,?,0,3,2
Akebia_quinata,0,0,1,0,0,0,0,0,1,0,1,1,0,?,2,?,0,?,0,?,?,?,2&3&4,0,0,?,?,3,3,0
Alangium_chinense,0,1,1,1&2,0&1,0,0,1,3,1,0&1,0,0,0,0&1,0,0,0,0,?,?,?,1,?,1,1,0,?,3,2
Albizia_julibrissin,0,0,1,1,?,0,0,1,3,1,2,?,1,?,?,?,?,?,?,?,?,?,?,?,1,?,?,?,0,?
Alisma_plantagoaquatica,0,0,1,1,0,0,0,1,1,1,1,1,0,0,?,?,0,?,?,?,?,0,4,0,1,0,0,?,4,1
Allium_fistulosum,0,0,1,1,0&1,0,0,1,1,0,1,0&1,0,0&1,0,0,0,?,0,1,1,0,2,1,1,?,0&1&2,0,?,?
Alluaudia_procera,0,0,1,1,0,?,0,2,0,1,1,1,1,0,2,1,0,0,0,?,?,0,2,1,1,?,0,?,4,0
Alnus_alnobetula,1,1,0&1,0&1,?,?,0,0,?,?,0&1,?,1,?,?,?,0,?,?,?,?,?,1&2,1,1,?,0&1,0,4,1
Alophia_drummondii,0,1,1,1,0,0,0,1,1,1,0,0,?,0,1,0,0,?,0,0,1,0,2,1,1,?,?,?,2,0
Alseuosmia_macrophylla,0,1,1,1,1,0,0,1,2&3,1,0,?,0,1,0,1,0,?,0,0,3,0,1,?,1,1,2,0,3,2
Alstroemeria_aurea,0,1,1,1,?,1,0,1,1,1,1,1,0,?,1,1,0,?,0,1,1,?,2,?,1,1,?,0,1,0
Altingia_excelsa,0,1,0,?,?,?,?,?,?,?,?,1,0,?,?,0,0,1,0,?,?,0,1,?,1,0,2,?,4,1
Amborella_trichopoda,1,0,1,1&2,0,0,1,?,?,0,2,0,0,0,0,0,0,1,1,?,?,1,3&4,0,0,?,0,?,1,1
Anagallis_tenella,0,0,1,1,0&1,0,0,1,3,1,0,1,1,0&1,0,?,?,?,0,0,3,0,3,1,1,1,?,2,3,2
Anarthria_polyphylla,1,0,1,1,?,0,0,1,1,0,0,1,0,0,?,1,0,?,0,0,1,0,2,1,1,0,0,?,?,?
Ancistrocladus_korupensis,0,1,1,1,?,?,0,1,3,1,1,0,1,1,0,0,0,?,0,1,3,?,2,1,1,0,0,0,3,0
Androsace_spinulifera,0,0,1,1,1,0,0,1,3,1,0,?,0,1,?,?,?,?,0,0,3,0,?,1,1,?,?,2,?,?
Androstachys_johnsonii,1,0,1,0&1,?,0,?,?,?,0,2,?,0,0,2,1,0,?,1,?,?,0,2&3,1,1,?,1,0,4,1
Anemopsis_californica,0,1,0,?,?,?,?,?,?,?,1,1,0&1,?,1,0,0,0,0,0,1,0,2,?,1,0,?,1,1,0
Anethum_graveolens,0,1,?,?,0&1,0,0,1,3,1,0,?,0,0,?,1,0,0,0,0,3,0,1,1,1,0,1,?,2,1
Aneulophus_africanus,0,0,1,1,0&1,0,0,1,3,1,1,1,0&1,0,1,0&1,0,1,0,1,3,0,2,1,1,1,1,0,3,0
Angelica_sylvestris,0,1,?,?,0&1,0,0,1,3,1,?,?,?,?,?,?,?,?,?,?,?,?,1,?,1,?,0,?,3,2
Anigozanthos_flavidus,0,?,1,1,1,1,0,1,1,0,1,?,0,?,0,?,0,?,0,1,1,0,2,?,1,?,?,0,2,1
Anisophyllea_fallax,?,1,1,0&1,0,0,0,1,2&3,1,1,1,0,?,1,1,0,?,0,1,2&3,0,3,?,1,?,0,?,3,2
Anisoptera_marginata,0,?,1,1,?,0,0,1,3,1,?,?,?,?,?,?,0,?,?,?,?,?,?,1,1,?,?,?,?,?
Annona_muricata,0,0,1,1,0,0,0,2,1,1,2,0,?,?,2,0,1,1,?,?,?,?,4,?,1,?,0,?,1,0
Anopterus_macleayanus,0,0,1,2,0&1,0,0,1,?,1,1,1,0,0,0,0,?,0,0,0,?,0,1,1,1,1,?,?,3,2
Anredera_cordifolia,0,0,1,0,0,0,0,0,3,?,0,1,0&1,?,?,1,0,?,0,0,3,0,2,1,1,1,0,?,4,0
Antirrhinum_majus,0,0,1,1,1,1,0,1,3,1,0,1,0,0,0,0,0,0,0,0,3,0,1,1,1,1,2,0,3,2
Aphanopetalum_resinosum,0,1,1,0&1,?,0,0,0&1,2,1,1,1,0,?,0&1,1,0,1,0,1,2,0,3,1,1,?,0,0,3,2
Aphloia_theiformis,0,0,1,0,1,?,0,0,3,?,2,1,0,?,0,0,0,0,?,?,?,?,0,?,0,?,2,?,3,2
Apium_graveolens,0,1,1,1,0&1,0,0,1,3,1,0,1,0,0,?,?,?,?,?,?,?,0,1,1,1,?,0,?,3,2
Aporosa_frutescens,1,0,1,0&1,1,0,0,0&1,?,0,0,?,0,0,1,1,0,0,0,0,0&1,0,2,1,0,?,1,?,?,?
Arabidopsis_thaliana,0,0,1,1,0,0,0,1,2,1,1,1,0,0,1,?,0,?,0,1,?,0,1,1,1,1,2,1,3,0
Aralia_spinosa,1,1,1,1,?,0,0,1,3,1,0,1,0,?,?,?,?,?,0,0,3,?,3,?,?,?,0,?,3,2
Aralidium_pinnatifidum,0,1,1,1,0,0,0,1,3,1,0,1,0,0,0,1,?,0,0,0,3,0,2&3,1,1,?,0,?,3,2
Arbutus_unedo,0,0,1,1,1,0,0,1,3,1,1,?,0,0&1,0,0,0,1,0,1,3,0,3,1,1,1,2,0,3,2
Archytaea_triflora,0,0,1,1,0&1,0,0,1,3,1,1&2,?,1,?,?,0,0,?,?,?,?,0,3,1,1,?,2,0,?,?
Arctopus_echinatus,?,1,1,1,0,0,0,1,3,1,0,1,?,?,?,?,?,?,0,0,3,0,1,1,1,?,0&1,?,?,?
Argophyllum_laxum,0,1,1,1,1,0,0,1,3,1,0,1,0,0,0,1,0,1,0,0,3,0,1&2,1,1,1,?,0,?,?
Aristea_glauca,0,1,1,1,?,0,0,1,1,0,0,1,0,?,2,0,0,?,0,0,1,0,2,1,1,?,?,0,3,0
Aristolochia_macrophylla,0,1,1,0,1,1,0,0,1,0,1,?,?,?,2,0,0,1,0,0,?,0,4,1,?,?,?,0,0,?
Asarum_canadense,0,1,1,1,0&1,0,0,1,1,1,2,?,?,?,2,?,?,1,?,?,?,?,4,?,1,?,?,?,0,?
Ascarina_lucida,1,?,0,?,?,?,?,?,?,?,0,1,?,?,1,0,0,1,?,?,?,?,0,?,0,?,0,?,1,0
Asimina_triloba,0,0,1,1,0,0,0,2,1,1,2,0,?,?,2,0,1,1,?,?,?,?,2&3&4,0,1,?,?,?,1,0
Asparagus_officinalis,1,0,1,1,1,0,0,1,1,0,1,?,0,1,0,1,?,?,?,?,?,?,2,1,1,?,?,0,1,0
Asteropeia_micraster,0,0,1,1,0,0,0,1,3,1,1,1,1,0,2,1,0,?,?,?,?,0,2,1,1,?,1,0,4,0
Astragalus_membranaceus,?,?,1,1,1,1,0,1,3,1,1,?,1,?,?,?,?,?,?,?,?,?,?,?,?,?,?,?,?,?
Atherosperma_moschatum,1,0,1,1,0,0,0,2,0&2,0,2,1,0,0,2,0,2,1,0,1&2,?,?,4,0,1,1,0,?,2,0
Atropa_belladonna,0,0,1,1,0,0,0,1,3,1,0,1,0,0,0,0,0,?,0,0,3,0,1,1,1,?,?,0,3,2
Atuna_racemosa,0,0,1,1,?,1,0,1,3,1,2,1,0,0,?,1,0,?,?,?,?,?,0,?,1,?,0,?,?,?
Aucuba_japonica,1,1,1,1,0,0,0,1,2,1,0,?,?,?,?,1,0,?,0,0,2,?,0,?,1,?,0,?,3,2
Austrobaileya_scandens,0,0,1,2,0,0,1,?,?,1,1&2,0,0,0,0,0,0,1,1,?,?,1,4,0,?,?,2,?,1,0
Austrobuxus_megacarpus,1,0,1,0,?,?,0,0&1,0&2,0,1,1,0,0,?,1,0,?,0,?,?,0,1&2&3,1,1,0,1,0,?,?
Averrhoa_carambola,0,0,1,1,1,0,0,1,3,1,0&1,0&1,0,0,0,1,0,0,0,1,3,0,3,1,1,0,2,?,3,0
Azorella_selago,0,1,1,1,0,0,0,1,3,1,0,1,0,?,1,1,0,0,0,0,3,0,1,?,1,0,?,?,?,?
Balanops_vieillardii,1,0,0,?,?,?,?,?,?,?,0&1,1,0,?,?,0,0,1,?,?,?,0,1&2,1,1,1,1,0,3&4,0
Baloskion_tetraphyllum,1,0,?,?,?,?,?,?,?,?,?,?,?,?,?,?,?,?,?,?,?,?,?,?,?,?,?,?,?,?
Barbeuia_madagascariensis,0,0,1,0,0,0,0,0,3,0,2,0,0,0,0,1,0,0,?,?,?,?,1,1,1,1,1,?,3,2
Barbeya_oleoides,1,0,1,0,0&1,0,0,0,1&2,0,1,1,0,0,?,0,0,1,?,?,?,?,0&1&2,?,1,0,0,?,3,2
Barleria_prionitis,0,0,1,1,1,1,0,1,2&3,1,?,?,?,?,?,?,?,?,?,?,?,?,?,?,1,?,?,0,3,2
Barnadesia_caryophylla,0,1,1,0,0&1,1,0,1,3,1,0,1,0,1,0,0,?,1,0,0,3,?,1,?,1,1,0,?,3,2
Barringtonia_asiatica,0,1,1,1,0&1,0,0,1,2,1,2,1,1,?,1,0,?,?,0,?,?,0,3,1,1,1,2,0,3,0
Basella_alba,0,0,1,0,1,0,0,0,3,0,0,?,?,1,?,?,?,?,0,0,3,?,2,?,1,?,?,?,4,1
Batis_maritima,1,1,0&1,1,0&1,1,0,1,2,1,0,1,0,0,1,0,0,1,0,1,0,0,1,1,0,?,1,1,3&4,2
Bauhinia_galpinii,0,?,1,1,0,1,0,1,3,1,0,?,0,0,?,?,?,?,0,1,3,?,?,?,?,?,?,?,3,2
Beaucarnea_recurvata,0,?,1,1,0,0,0,1,1,1,1,1,0,0,0,1,0,0,0,1,1,0,2,1,1,?,1,0,?,?
Begonia_sanguinea,1,1,1,0,0,?,0,?,?,?,?,?,0,0,?,?,?,?,?,?,?,?,2,1,1,?,?,0,?,?
Berberidopsis_corallina,0,0,1,1&2,0,0,1,?,?,0,1,?,?,?,0,?,?,?,?,?,?,0,2,1,?,?,?,?,3,0
Bergia_texana,0,0,1,1,0,0,0,1,3,1,1,0,0,0,0,1,0,?,0,1,3,0,3,1,1,0,?,0,?,?
Berzelia_lanuginosa,0,1,1,1,1,0,0,1,3,1,0,1,0,0,0,1,0,?,0,0,3,?,0,?,1,?,0,?,3,2
Beta_vulgaris,0,1,1,0,1,0,0,0,3,0,0,1,1,0,0,1,0,?,0,0,3,0,2,1,1,?,0,?,4,1
Bhesa_paniculata,0,0,1,1,?,0,0,1,3,1,0,1,0,0,2,0,0,?,0,0,3,0,1,1,1,0,1,?,?,?
Biebersteinia_orphanidis,0,0,1,1,0,0,0,1,3,1,1,?,1,0,0,1,0,?,0,1,3,0,3,1,1,0,0,0,?,?
Billardiera_heterophylla,0,0,1,1,0,0,0,1,3,1,0,1,0,0,0,?,0,?,0,0,3,?,1,1,1,1,?,?,?,?
Bischofia_javanica,1,0,1,0,0,0,0,0,3,0,0,?,0,?,0,?,0,?,?,?,3,0,2&3,1,1,?,1,0,3,2
Bixa_orellana,0,0,1,1,0,0,0,1,3,1,2,1,0,0,?,0,0,?,?,?,?,0,1,1,1,1,2,1,3,2
Blandfordia_punicea,0,0,1,1,1,0,0,1,1,0,1,1,0,1,1,1,0,?,0,1,1,0,2,1,1,?,2,0,?,?
Boehmeria_nivea,1,?,1,0,1,0,0,0,2,0,0,?,?,?,?,?,?,?,?,?,?,?,?,?,1,?,?,?,3,1
Bomarea_edulis,0,1,1,1,1,0,0,1,1,1,1,1,?,1,?,0,0,?,?,?,?,0,2,1,1,1,2,0,1,0
Bombax_ceiba,0,0,1,1,0&1,0,0,1,3,1,2,1,1,0&1,?,?,0,0,0,0&1,3,0,3,1,1,1,2,0,3,2
Bonnetia_sessilis,0,0,1,1,0&1,0,0,1,3,1,1&2,?,0&1,?,?,0,0,?,?,?,?,0,2&3,1,1,?,2,0,3,2
Boopis_graminea,0,1,1,1,0&1,0,0,1,3,1,0,1,1,1,0,0,0,?,?,0,3,?,1,1,1,1,0,?,3,2
Borago_officinalis,0,0,1,1,0&1,0,0,1,3,1,0,0,?,0&1,2,?,?,?,0,0,3,?,1,1,1,?,1,0,4,0
Borya_septentrionalis,0,0,1,1,0&1,0,0,1,1,0,1,1,0,0&1,1,0,0,?,0,1,1,0,2,1,1,?,2,0,?,?
Bougainvillea_glabra,0,0,1,0,1,0,0,0,3,0,1,1,0&1,?,?,?,0,0,?,0,?,?,0,?,1,?,0,?,3,0
Brasenia_schreberi,0,0,1,1,0,0,0,1,1,0&1,2,1,0,0,2,0,0,0,0,1&2,?,0,3&4,0,1,0,0&1,3,1,0
Brassica_napus,0,0,1,1,0,0,0,1,2,1,1,1,0,0,0,0,0,?,0,1,?,0,1,1,1,1,?,1,3,0
Brexia_madagascariensis,0,0,1,1,0&1,0,0,1,3,1,0,1,1,0,0,1,0,1,0,1,3,0,3,1,1,1,2,0,3,2
Bruguiera_gymnorhiza,0,1,1,2,0,0,0,1,?,1,2,1,0,?,0,?,0,?,0,1,?,0,2&3,1,1,1,1&2,0,3,2
Brunellia_acutangula,0,0,?,?,?,0,0,0,?,0,1,?,0,0,0,1,0,?,0,1,?,?,?,0,?,?,1,?,?,?
Brunia_albiflora,0,1,1,1,0,0,0,1,3,1,0,1,0,0,?,0,?,0,0,0,3,?,?,1,1,1,0,0,?,?
Bulbine_succulenta,0,0,1,1,0,0,0,1,1,1,1,1,0,0,0,1,0,?,0,1,1,0,2,1,1,?,?,0,?,?
Burmannia_biflora,0,1,1,1,1,0,0,1,1,1,0,?,0,0,?,?,?,?,?,?,1,0,2,1,1,1,?,0,1,1
Bursera_fagaroides,?,?,?,?,?,?,0,?,?,?,?,?,?,0,0,?,0,?,0,?,?,?,?,1,1,?,?,0,?,?
Buxus_sempervirens,1,0,1,0&1,0,0,0&1,1,0,1,0,1,0,0,0,1,0,1,0,1,0,0,2,1,1,0,1,0,4,1
Byblis_liniflora,0,0,1,1,0&1,0,0,1,3,1,0,1,0,0&1,0,0,0,?,0,0,3,?,1,1,1,?,2,0,3&4,0
Byrsonima_crassifolia,0,0,1,1,?,1,0,1,3,1,1,?,?,?,0,0,0,0&1,0,0&1,3,0,2,1,1,?,0,?,3,2
Cabomba_caroliniana,0,0,1,1,0,0,0,1,1,0,1,1,0,0,1&2,0,0,0,0,0,?,0,2,0,1,0,2,?,1,0
Calceolaria_integrifolia,0,0,?,?,?,?,?,?,?,?,0,?,?,?,?,?,?,?,?,?,?,0,1,1,1,1,?,?,?,?
Calectasia_intermedia,0,0,1,1,1,0,0,1,1,0,1,1,0,?,?,0,0,?,?,?,?,?,2,1,1,1,0,?,?,?
Callicarpa_dichotoma,0,?,1,1,1,0,0,1,2,1,0,?,?,?,?,?,?,?,?,?,?,?,?,?,1,?,?,?,?,?
Calophyllum_soulattri,0,0,1,0&1,?,0,?,?,2,?,2,?,?,?,?,0,0,?,?,?,?,?,0,?,1,?,0,?,3,2
Calycanthus_floridus,0,0,1,2,0,0,1,?,?,1,2,0,0,0,?,0,0,1,1,?,?,1,4,0,1,0,1,?,2&3,0
Camellia_sinensis,0,0,1,2,0&1,0,1,?,?,1,2,1,0&1,0&1,1,1,0,1,0,2,?,0,2,1,1,1,2,0,3,2
Campanula_elatines,0,1,1,1,0&1,0,0,1,3,1,0,?,0,0,0,0,0,?,0,0,3,?,2,1,1,1,?,?,?,?
Campanula_trachelium,0,1,1,1,1,0,0,1,3,1,0,?,0,0,0,0,0,?,0,0,3,?,2&3,1,1,1,?,0,3,1
Campsis_radicans,0,0,1,1,1,1,0,1,3,1,0,1,0,1,0,0,0,0,0,0,3,?,1,1,1,1,2,0,3,0
Camptotheca_acuminata,1,1,1,1,0&1,0,0,1,3,1,1,1,?,?,?,?,?,?,0,1,3,?,?,?,1,?,0,?,3,2
Campynema_lineare,0,1,1,1,0,0,0,1,1,0,1,1,0,?,2,0,0,?,?,?,?,0,2,1,1,0,2,1,1,0
Cananga_odorata,0,0,1,1&2,0,0,0,2,1,1,2,1,?,?,2,0,1,1,?,?,?,?,4,0,1,?,2,?,1,0
Canella_winterana,0,0,1,1,0&1,0,0,1,1&3,1,1,?,1,0,2,?,0,?,0,0,?,0,1,1,1,1,1&2,1,1,0
Canna_indica,0,1,1,1,1,?,0,1,1,1,?,0,?,?,?,0,?,?,?,?,?,0,2,1,1,1,?,0,0,?
Cannabis_sativa,1,0,1,0,0&1,0,0,0,3,0,0,1,0,0,1,?,0,?,0,0,3,0,1,1,1,0,0,?,3,1
Capparis_spinosa,0,0,1,1,?,1,0,1,2,1,2,1,0,?,0,0,0,?,?,?,?,0,1,?,?,?,?,1,3,0
Carallia_brachiata,0,1,1,1&2,0,0,0,1&2,3,1,1&2,1,0,0,?,1,?,?,0,0&1,3,0,3,1,1,1,1,0,3,2
Cardiopteris_quinqueloba,1,0,1,1,1,0,0,1,3,1,0,0,0,1,0,1,0,0,0,0,3,0,2,1,1,?,0,0,3,2
Carica_papaya,0,0,1,1,1,0,0,1,3,1,1,?,0,1,?,?,0,0,0,1,3,0,3,1,1,1,2,1,3,2
Carludovica_palmata,1,?,1,0,0,0,0,0,2,0,?,?,?,?,?,?,?,?,?,?,?,?,3,?,?,?,?,?,1,1
Carpodetus_serratus,0,1,1,1&2,0&1,0,0,?,2&3,1,0&1,1,0,0,0,0,0,0,0,?,?,?,3&4,1,1,1,2,0,3,2
Caryocar_glabrum,0,0,1,1,0,0,0,1,3,1,2,1,0&1,0&1,0,0&1,0,1,?,?,?,0,3,1,1,0,0,0,3,2
Caryota_mitis,1,?,1,1,0&1,0,0,1,1,1,1&2,?,?,?,?,?,?,?,?,?,?,?,?,?,1,?,?,?,1,0
Casearia_sylvestris,0,0,1,0&1,0,0,0,0,2&3,?,1&2,1,0,0,0,0&1,0,0,0,0,?,0,2,1,1,1,?,1,3,2
Cassine_orientalis,?,?,?,?,?,0,0,1,?,1,?,?,?,0,?,?,0,?,?,?,?,?,?,?,1,?,?,0,?,?
Cassipourea_lanceolata,0,0,1,1,?,0,0,1,3,1,2,1,0,?,?,?,?,?,0,1,?,0,2,1,1,?,1,?,?,?
Casuarina_cunninghamiana,1,?,1,0,?,?,0,0,0,0,0,1,?,?,?,0,?,?,?,?,?,?,1,?,1,?,1,?,2&3&4,1
Catalpa_speciosa,0,?,?,?,?,?,?,?,?,?,0,?,?,?,?,?,0,?,?,?,?,?,?,?,?,?,?,?,0,?
Caulophyllum_thalictroides,0,0,1,2,0,0,0,2,1,1,1,0,0,?,2,1,0&2,0,0,?,1,?,0,?,1,?,1&2,?,3,0
Ceanothus_sanguineus,0,0,1,1,0,0,0,1,3,1,0,0,0,?,?,1,0,?,0,0,3,?,2,?,1,1,?,?,?,?
Celastrus_scandens,0,0,1,1,?,0,0,1,3,1,0,1,0,0,1&2,1,0,?,0,0,3,0,2,1,1,?,1,0,3,2
Celosia_argentea,0,0,1,0,0,0,0,0,1&2&3,0,0,1,1,0,0,1,?,?,0,0,3,0,?,?,1,?,?,?,4,1
Celtis_yunnanensis,1,0,1,0,1,?,?,?,?,?,0,?,?,0,?,1,0,?,?,?,?,?,1,1,1,1,0,?,?,?
Centranthus_ruber,0,1,1,0,1,?,0,1,3,1,0,?,?,1,?,?,?,?,?,?,?,?,2,1,1,?,0,?,3,0
Centrolepis_strigosa,1,?,0,?,?,?,?,?,?,?,0,1,?,?,?,1,0,?,?,?,?,?,0,?,1,0,0,?,1,1
Centroplacus_glaucinus,0,?,1,0&1,?,?,0,0&1,3,1,0,?,?,?,0,?,0,?,?,?,3,0,2,1,1,?,1,?,3,?
Cephalotus_follicularis,0,0,1,1,1,0,0,0,?,0,2,?,0,?,1,1,0,?,0,1,?,?,4,0,?,?,0&1,?,3,2
Ceratonia_siliqua,0,0,1,0,0,0,0,0,3,0,0,1,0,?,0,1,0,?,0,0,3,?,0,?,1,?,2,?,3&4,2
Ceratophyllum_demersum,1,?,?,?,?,?,?,?,?,?,0,1,?,?,2,0,0,1,?,?,?,?,0,?,1,?,0,?,0,?
Cercidiphyllum_japonicum,1,0,0,?,?,?,?,?,?,?,2,1,0,?,1,0,0,1,0,?,?,?,0&1&2&3&4,0,1,?,2,?,3,1
Cercis_canadensis,0,0,1,1,0&1,1,0,1,3,1,1,1,0,0,0,1,?,?,0,1,3,?,0,?,1,?,2,?,3,2
Cespedesia_spathulata,0,0,1,1,0&1,0,0,1,3,1,2,1,0,0,1&2,0,0,1,?,?,?,0,3,1,1,?,2,0&1,3,2
Chamaedorea_seifrizii,0,0,1,1,0&1,0,0,1,1,1,1,0,0,?,0,1,0,?,0,1,1,0,2,?,0,?,0,0,?,?
Chimonanthus_praecox,0,0,1,2,0,0,1,?,?,1,1,0&1,0,0,2,0,0,1,1,?,?,1,4,0,1,?,1,?,2,0
Chloranthus_japonicus,0,?,0,?,?,?,?,?,?,?,?,?,?,?,1,0,1,1,?,?,?,?,0,?,1,?,0,?,4,0
Choristylis_rhamnoides,0,0,1,1,?,0,0,1,3,?,0,?,0,0,?,?,?,?,0,0,3,0,1,1,1,1,?,0,?,?
Chrysobalanus_icaco,0,0,1,1,0&1,0,0,1,3,1,2,1,1,?,0,1,0,0&1,?,1,?,0,1,1,1,1,1,?,3,2
Chrysolepis_sempervirens,1,1,1,0&1,0,0,0,0,1&2,0,1&2,?,?,?,?,1,0,?,?,?,?,?,2,?,1,?,1,0,?,?
Cicer_arietinum,0,0,1,1,?,1,0,1,3,1,1,1,0&1,?,?,?,?,?,0,1,3,?,0,?,?,?,1&2,?,3,2
Cichorium_intybus,0,1,1,0,0&1,1,0,1,3,1,0,1,0,?,0,0,0,?,0,0,3,?,1,1,1,1,0,?,3,2
Cinnamodendron_ekmanii,0,0,1,2,?,0,0,2,1&2,1,1&2,?,?,?,?,?,?,?,?,?,?,?,3,1,1,?,?,1,?,?
Cinnamomum_camphora,0,0,1,1,1,0,0,1,1,0,1,0,?,?,0&2,0,2,0&1,0,2,1,?,0,?,1,?,0,?,0,?
Circaeaster_agrestis,0,0,1,0,0,0,1,0,?,0,0,?,0,?,?,0,0,0,?,?,?,?,0,?,0,?,0,?,3,0
Cissampelos_pareira,?,0,1,0&1,?,0&1,0,1&2,0,1,0,?,1,?,?,?,?,?,0,?,?,?,0,?,1,?,1,?,3,2
Citronella_suaveolens,0,0,1,1,0&1,0,0,1,3,1,0,0,0,?,0,0,0,0,0,0,3,?,1,1,1,?,0&1,0,3,2
Citrus_x_aurantium,0&1,0,1,1,0&1,0,0,1,2&3,1,2,?,1,0,0&1,1,0,0,0,?,?,0,2&3&4,1,1,1,1&2,0,4,2
Clarkia_xantiana,0,1,1,1,0,1,0,1,2,1,1,?,0,0,0,?,0,0,0,1,2,0,3,1,1,1,0&1&2,0,?,?
Clavija_eggersiana,0,0,1,1,0&1,0,0,1,3,1,0,?,1,1,2,0,0,?,0,1,3,0,?,1,1,1,1&2,2,?,?
Claytonia_virginica,0,0,1,1,0,0,0,1,0&3,1,0,1,?,1,2,1,?,0,0,0,3,?,2,1,1,?,1,?,3,0
Clethra_alnifolia,0,0,1,1,0&1,0,0,1,3,1,1,?,0,0,0,?,0,1,0,1,3,0,2,1,1,1,2,0,3,2
Clidemia_petiolaris,0,1,1,1,0,1,0,1,3,1,1,?,0,0,?,0,0,0,0,2,3,0,3,1,1,1,?,0,?,?
Clusia_gundlachii,0,?,1,0&1,?,0,0,?,?,?,1,?,1,?,?,?,?,?,0,1,?,0,3,1,0,?,2,0,?,?
Clutia_pulchella,1,?,1,1,?,?,0,1,3,1,0,?,?,?,0,1,0,?,0,0,3,0,2,1,1,0&1,0,?,3,2
Cobaea_scandens,0,0,1,1,1,0,0,1,3,1,0,?,0,0&1,0,?,0,?,0,0,3,?,2,1,1,1,2,0,4,1
Coccinia_sessilifolia,1,1,?,?,1,?,0,?,3,1,0,?,?,?,?,?,?,?,?,?,?,?,?,?,?,?,?,?,?,?
Cocculus_orbiculatus,1,0,1,2,0,0,0,2,1,1,1,1,0,?,?,0,?,0,0,1,1,0,4,0,1,0,1,?,3,2
Codiaeum_peltatum,1,0,?,?,?,?,?,?,?,?,?,?,?,?,?,?,?,?,?,?,?,?,?,?,?,?,?,?,0,?
Coffea_arabica,0,1,1,1&2,1,0,0,1,2&3,1,?,?,?,?,?,?,?,?,?,?,?,?,?,?,?,?,?,?,3,2
Colchicum_speciosum,0,?,1,1,?,0,?,?,?,?,1,?,?,?,?,?,?,?,?,?,?,?,?,?,?,?,?,?,2,1
Columellia_oblonga,0,1,1,1,1,1,0,1,3,1,0,1,0,1,0&1&2,0,0,0,0,0,?,0,1,1,1,1,2,1,3,2
Conceveiba_martiana,1,0,1,0&1,1,?,0,0,2,?,1&2,?,0,?,?,1,?,?,?,?,?,0,1&2,1,0,?,0,?,?,?
Connarus_championii,0,0,?,?,?,0,0,1,?,1,1,?,1,0,?,?,?,?,?,1,3,?,3,0,?,?,1,?,3,2
Corbichonia_decumbens,0,0,1,0,0,0,0,0,3,0,?,?,?,?,?,?,0,?,?,?,?,?,3,?,1,0,?,0,?,?
Coriandrum_sativum,1,1,1,1,0&1,0&1,0,1,3,1,0,1,0,0,1,1,0,0,0,0,3,0,1,?,1,0,1,?,3,2
Coriaria_ruscifolia,0,0,1,1,?,0,0,1,3,1,1,?,0,?,2,?,?,?,?,?,3,?,3&4,?,1,?,0,?,3,2
Cornus_mas,0,1,1,1,0,0,0,1,2,1,0,?,0,?,?,1,0,0,0,0,2,0,1,1,1,1,?,?,3,2
Corokia_cotoneaster,0,1,1,1,0&1,0,0,1,3,1,0,?,0,?,0,0,?,?,0,0,3,?,1,?,1,1,0&1,0,3,2
Corylopsis_pauciflora,0,?,1,1,?,0,0,1,3,1,0,?,0,?,0,0,?,?,0,0,3,?,?,?,1,?,?,0,3,0
Corynocarpus_laevigatus,0,0,1,1,?,0,0,1,3,1,0,?,?,?,?,?,0,?,?,1,3,?,?,0,1,0,0,?,2,2
Coula_edulis,0,0,1,1,1,0,0,1,2&3,1,2,?,0,0,1,1,?,?,0,0,?,0,2&3,1,1,1,0,?,3,2
Couroupita_guianensis,0,1,1,2,0,1,0,1,?,1,2,?,1,0,1,0,?,?,0,2,?,0,3&4,1,1,1,2,0,?,?
Crassula_rupestris,0,0,1,1,?,0,0,1,3,1,0,?,0,0,?,?,?,?,0,0,3,0,3,0,0,?,?,?,?,?
Cratoxylum_cochinchinense,0,0,1,1,?,0,0,1,3,1,2,?,1,?,?,1,0,?,?,?,?,0,2,1,1,?,?,?,?,?
Crinodendron_hookerianum,0,0,1,1&2,0&1,0,0,1,3,1,2,1,0,0,?,0,0,0,0,1,3,0,3&4,1,1,1,2,?,3,2
Crinum_asiaticum,0,1,1,1,1,0,0,1,1,0,1,1,0,0,0,1,0,?,0,1,1,0,2,1,1,?,2,0,1,0
Crispiloba_disperma,0,1,1,1,1,0,0,1,2&3,1,0,?,0,1,0,1,0,?,0,0,2&3,?,1,1,1,1,1&2,0,?,?
Croizatia_brevipetiolata,?,0,1,1,?,?,0,1,3,?,0,?,0,?,0,?,?,?,?,?,?,0,2,?,1,1,1,?,?,?
Croomia_pauciflora,0,0,1,0,0,0,0,1,0,0,0,0,?,?,0,?,?,?,?,?,0,?,1,?,1,?,?,?,?,?
Crossosoma_bigelovii,0,0,1,1,1,?,0,1,3,1,2,1,?,1,1,0,0,0,?,?,?,0,1&2&3,0,1,0,2,?,3,2
Crossostylis_grandiflora,0,1,1,1,0&1,0,0,1,2,1,2,1,?,?,?,1,?,?,0,1,?,0,4,1,1,1,1,0,?,?
Croton_alabamensis,1,0,1,1,?,0,0,1,3,1,1&2,1,0,0,?,?,0,?,?,?,?,0,2,1,1,0,0,0,?,?
Crypteronia_paniculata,1,1,1,0,0,0,0,0,3,0,0,1,0,0,0,0&1,?,0,0,0,3,0,1&2&3,1,1,1,2,0,2,2
Cryptocarya_meisneriana,0,0,1,1,0,0,0,1,1,1,1,1,0,?,0&2,0,2,1,0,2,1,?,0,?,1,?,0,?,?,?
Ctenolophon_englerianus,0,0,1,1,0&1,0,0,1,3,1,1,1,1,0&1,0,1,0,1,0,1,3,0,1,1,1,1,1,0,4,2
Cucumis_melo,0,1,1,1,?,?,0,1,3,1,0,?,0,0,?,?,?,?,?,?,?,?,2,1,1,?,1&2,?,3,1
Cucurbita_pepo,1,1,1,1,1,?,0,1,3,1,0,1,0,?,2,?,?,0,?,?,?,0,2&3,1,1,1,2,1,4,1
Cupaniopsis_anacardioides,0&1,0,1,1,0,?,0,1,3,1,1,1,0,0,1,0,0,?,0,?,?,0,2,1,1,1,0,?,3,0
Curtisia_dentata,0,1,1,1,1,0,0,1,2,1,0,?,0,0,0,?,0,?,0,0,2,0,3,1,1,1,0,0,3,2
Cuscuta_cuspidata,0,0,1,1,0&1,0,0,1,3,1,0,1,?,?,?,?,0,?,0,0,3,0,1,1,1,?,1,?,?,?
Cussonia_spicata,0,1,1,1,0&1,0,0,1,3,?,0,1,0,?,?,?,0,?,0,0,3,?,1,?,1,?,1,?,?,?
Cuttsia_viburnea,0,0,1,1&2,0&1,0,?,?,2&3,?,0,1,0,0,0,1,?,?,?,?,3,?,3,?,1,1,1&2,0,3,2
Cyperus_alternifolius,0,0,0,?,?,?,?,?,?,?,0,?,?,?,0,0,0,1,?,?,?,?,?,?,?,0,0,?,?,?
Cyphia_elata,0,1,1,1,?,1,0,1,3,1,0,1,0,0,0,0,0,?,0,0,3,?,1,1,1,?,?,0,?,?
Cypripedium_calceolus,0,1,1,1,?,1,0,1,1,1,0,0,0,0,?,?,?,0,?,1,1,0,2,1,1,0,2,1,1,0
Cyrilla_racemiflora,0,0,1,1,0&1,0,0,1,3,1,0,1,0,0,0,1,0,?,0,0,3,0,1,1,1,1,0&1&2,0,3,2
Dalechampia_spathulata,1,?,1,0&2,?,?,?,0,?,?,1&2,?,?,?,?,?,?,?,?,?,?,?,2,?,?,1,?,?,?,?
Dampiera_spicigera,0,1,1,1,0&1,1,0,1,3,1,0,1,0,?,0,0,0,?,0,0,3,?,1,?,1,1,0,?,?,?
Danthonia_spicata,0,0,?,?,?,?,?,?,?,?,?,?,?,?,?,1,?,?,?,?,?,?,?,?,?,?,?,?,?,?
Dapania_racemosa,?,0,1,1,1,0,0,1,3,1,1,1,1,0,?,0,0,?,0,1,3,0,3,1,1,0,0&1,0,3,0&2
Daphnandra_micrantha,0,0,1,1&2,0,0,0,2,0&2,1,0,1,0,0,2,0,2,1,0,2,1&2,0,2&3&4,0,1,?,0,?,?,?
Daphniphyllum_macropodum,1,0,0,?,?,?,?,?,?,?,1,1,0,?,?,0,0,1,?,?,?,0,1,1,1,?,1,?,?,?
Dasypogon_bromeliifolius,0,0,1,1,0,0,0,1,1,0,1,?,?,?,0,1,0,?,?,?,?,0,2,1,1,1,?,?,1,0
Datisca_cannabina,1,1,1,0,?,0,0,0,1&2,0,2,?,?,?,?,?,0,?,?,?,?,?,2&3,1,?,0,?,1,3,2
Daucus_carota,1,1,1,1,0&1,0&1,0,1,3,1,0,1,0,0,?,?,0,0,0,0,3,0,1,?,1,0,1,?,3,2
Davidsonia_pruriens,0,0,1,0,1,0,0,0,2&3,0,1,1,0,0,?,1,0,0,?,?,?,0,1&2,1,1,1,2,?,3,2
Decaisnea_fargesii,0,0,1,1,0,0,0,1,1,1,1,?,1,0,2,?,0,1,0,?,1,0,2,0,0,?,2,1,3,0
Degeneria_vitiensis,0,0,1,2,0,?,1,?,?,1,2,0,?,?,2,0,1,1,1,?,?,?,0,?,0,?,2,?,1,0
Delarbrea_michieana,0,1,1,1,0&1,0,?,1,3,?,?,?,?,?,?,1,?,?,?,0,3,?,1,?,0,0,?,?,3,2
Delosperma_echinatum,0,1,1,0&1&2,0&1,0,?,?,?,1,0&1&2,1,0&1,?,0,1,0,0,?,?,?,0,3,1,1,0,0&1&2,?,?,?
Dendrosicyos_socotrana,1,1,?,?,?,?,0,1,?,1,?,?,?,?,2,?,0,?,0,0,?,?,?,1,1,?,?,?,?,?
Denhamia_celastroides,0,0,1,1,?,0,0,1,3,1,0,1,0,0,?,?,0,?,0,0,3,?,2,1,1,?,?,0,?,?
Desfontainia_spinosa,0,0,1,1,1,0,0,1,3,1,0,?,0,1,0,1,0,?,0,0,3,0,3,1,1,1,?,1,3,2
Dialypetalum_floribundum,0,1,1,1,0,0,0,1,3,1,0,1,1,?,0,0,?,?,0,0,3,0,1,1,1,1,2,0,?,?
Dicella_nucifera,0,0,1,1,?,1,0,1,3,1,1,0,1,?,?,0,0,0,0,1,3,0,2,1,1,0,0,?,?,?
Dicentra_eximia,0,0,1,1,?,?,0,2,0,1,1,?,?,?,?,?,?,?,?,?,?,0,1,1,1,1,?,1,3,0
Dichapetalum_rugosum,0,0,1,1,0,0,0,1,3,1,0,1,0,?,0,1,0,0,0,0,3,0,1&2,?,1,?,1,?,3,2
Didymeles_perrieri,1,0,0&1,0,0,?,?,?,?,?,?,?,?,?,?,?,?,?,?,?,?,?,0,?,1,?,0,?,?,?
Diervilla_sessilifolia,0,1,1,1,1,1,0,1,3,1,?,?,?,?,?,?,?,?,0,0,3,?,?,1,1,?,?,?,?,?
Dillenia_retusa,0,0,1,1,?,0,0,1,3,1,2,1,1,?,1,?,?,?,0,?,3,0,3,?,1,?,2,?,?,?
Dioscorea_alata,?,1,1,1,0,0,0,1,1,1,1,?,?,?,?,?,0,?,0,1,1,?,2,?,1,0,?,0,?,?
Diospyros_lotus,1,0,1,1,1,0,0,1,2&3,1,1,?,0,0,?,?,?,?,0,0&1,2,0,3,1,1,0,0&1,0,3,2
Dipelta_yunnanensis,0,1,1,1,0&1,1,0,1,3,1,0,1,0,0&1,0,1,0,0,0,0,?,0,3,1,1,1,0,0,?,?
Dipentodon_sinicus,0,0,?,?,0,0,0,1,?,0,0&1,?,0,0,0,?,0,?,?,?,?,?,2,1,1,?,1,2,3,2
Dipsacus_sativus,0,1,1,1,1,1,0,1,2,1,0,?,0,?,?,1,0,?,?,0,2,?,1,?,?,?,0,?,?,?
Dirachma_socotrana,0,0,1,2,0,0,0,1,?,1,1,1,0,0&1,1,0,0,1,0,0,?,0,4,1,1,1,0,0,3,2
Disanthus_cercidifolius,0,0,1,1,?,0,0,1,3,1,0,?,?,0,2,0,0,0,?,?,?,?,?,?,1,?,?,0,?,?
Dissiliaria_muelleri,1,0,1,1,?,?,0,1,1,0,1&2,1,0,0,?,1,0,?,0,?,?,0,2&3,1,?,0,1,0,?,?
Donatia_fascicularis,0,1,1,1&2,0,0,0,1,3,1,0,?,0,0,2,1,?,?,?,0,1,?,2,?,1,0,?,0,3&4,2
Doryphora_sassafras,0,0,1,0&1,0,0,0,1&2,0&1&2,1,1,1,0,0,?,0,2,1,0,2,0&1&2&3,0,4,?,1,?,0,?,2,0
Dovyalis_rhamnoides,1,0,1,0&1,0,0,0,0,2&3,?,1&2,1,0,0,2,0,0,0,?,?,?,0,?,?,1,1,?,1,?,?
Drimys_winteri,0,0,1,1&2,0,0,0&1,?,?,1,2,0,0,0,2,0,0,0,0&1,?,?,0&1,3&4,0,?,?,2,?,1,1
Drosera_capensis,0,0,1,1,?,0,0,?,3,1,0,1,0,0,2,0,0,0,?,?,?,0,2,1,1,0,2,1,4,1
Drosophyllum_lusitanicum,0,0,1,1,0&1,0,0,1,3,1,1,1,?,?,2,?,?,0,0,1,3,?,3,1,1,0,?,?,4,1
Drypetes_madagascariensis,1,0,1,0,0&1,0,0,0,3,0,0,1,0,0,2,1,0,1,0,0,0&1&2,0,1,1,1,0,1,0,?,?
Dudleya_viscida,0,?,1,1,1,0,0,1,3,1,1,1,?,1,?,?,0,?,0,1,3,?,?,?,1,?,?,?,?,?
Durandea_pentagyna,0,0,1,1,?,0,0,1,3,1,1,1,1,?,?,1,?,0,0,0,?,0,3,1,1,0,1,0,?,?
Durio_zibethinus,0,0,1,1,0&1,0,0,1,3,1,?,1,?,?,?,?,0,0,0,0,3,0,3,?,1,?,?,?,?,?
Ecdeiocolea_monostachya,?,0,1,1,0,0,0,1,1,0,0,1,0,0,?,1,0,?,?,?,?,?,1,1,1,0,0,?,?,?
Echinops_exaltatus,0,1,1,0,?,0,0,1,3,1,0,?,0,?,0,0,?,?,0,0,3,?,1,1,1,1,0,?,3,2
Ehretia_acuminata,0,0,1,1,?,0,0,1,3,1,0,?,?,?,0,?,0,?,0,0,3,?,1,?,1,?,1,?,3,2
Elaeagnus_umbellata,0,0,1,0,1,0,0,0,2,0,0,?,0,0,?,?,0,0,0,0,2,?,0,?,1,?,0,?,3,2
Elaeis_guineensis,0,0,1,1,0,0,0,1,1,1,1,?,0&1,?,?,?,?,?,0,1,1,?,2,1,0,?,0,?,?,?
Elaeocarpus_reticulatus,0,0,1,1,0,0,0,1,3,1,2,1,0,0,?,?,?,1,?,?,?,?,1,1,1,1,2,0,?,?
Elatine_triandra,0,0,1,0&1,0&1,0,0,1,1,1,0,1,0,?,?,?,?,?,0,0,1,0,2,1,1,0,2,?,?,?
Eliea_articulata,0,0,?,?,?,0,?,?,3,?,2,?,?,?,?,?,0,?,?,?,?,0,4,1,1,?,0,?,?,?
Endospermum_moluccanum,?,0,1,0,1,0,0,0,2&3,?,1&2,?,?,?,2,1,0,?,0,?,?,0,3&4,1,0,?,0,?,?,?
Enkianthus_campanulatus,0,?,1,1,1,0,0,1,3,1,1,?,0,0,?,?,?,?,0,?,?,?,?,?,?,?,?,?,3,2
Eremosyne_pectinata,0,0,1,1,0&1,0,0,1,3,1,0,1,0,0,?,1,?,?,0,0,3,0,1,1,1,0,?,?,?,?
Eriocaulon_aquaticum,1,0,1,0,1,1,0,1,0,1,0,?,?,?,?,1,0,?,?,?,?,?,1,1,?,1,0,?,1,?
Erythrina_cristagalli,0,0,?,?,0&1,1,0,1,?,1,1,?,?,?,0,1,?,?,?,?,?,?,?,?,1,?,?,?,3,1
Erythrospermum_phytolaccoides,0,0,1,1,?,0,0,1,3,1,0,1,0,?,1,?,0,0,0,0,3,0,2,1,1,1,?,1,?,?
Erythroxylum_confusum,?,0,1,1,?,0,0,1,3,1,1,?,?,?,0,0,0,?,?,?,?,0,2,1,1,?,0,?,?,?
Escallonia_rubra,0,1,1,1,1,0,0,1,3,1,0,1,0,0,0,1,?,0,0,0,3,0,?,1,1,1,?,?,?,?
Eschscholzia_californica,0,0,1,1,0&1,?,0,2,0,1,0&1&2,1,0,?,2,0,0,0,0,2,2&3,0,1,1,1,1,?,1,4,0
Eucalyptus_lehmannii,?,?,?,?,?,0,0,?,?,?,?,?,?,0,0,1,?,?,0,?,?,?,?,1,1,?,?,?,?,?
Euclea_crispa,1,0,1,1,1,0,0,1,2&3,1,1&2,?,0&1,0,1,?,?,?,0,0&1,?,0,1&2&3,1,1,?,0,0,?,?
Eucnide_bartonioides,0,1,1,1,0,0,0,1,3,1,?,1,1,1,?,0,0,?,?,?,?,0,3,1,1,1,?,?,?,?
Eucommia_ulmoides,1,0,0,?,?,?,?,?,?,?,0&1&2,1,0,0,?,0,0,1,?,?,?,?,1,1,0,?,?,?,3,2
Eucryphia_lucida,0,0,1,1,1,0,0,1,2,1,2,1,0,0,?,?,?,?,?,2,?,0,3&4,1,1,1,2,0,2,0
Euonymus_americanus,?,?,?,?,?,0,0,1,?,1,?,?,?,0,?,?,?,?,?,?,?,?,?,?,1,?,?,0,?,?
Euphorbia_epithymoides,1,0,0,?,?,?,?,?,?,?,0,1,?,?,?,?,?,?,?,?,?,0,2,1,1,1,0,?,?,?
Euphronia_guianensis,0,1,1,1,0&1,0,0,1,1&3,1,0,0&1,1,0,0,1,0,1,0,?,?,0,2,1,1,1,1,0,?,?
Eupomatia_bennettii,0,1,0,?,?,?,?,?,?,?,1,0,?,?,0,0,1,1,1,?,?,1,?,1,0,?,?,?,?,?
Euptelea_polyandra,0,0,0,?,?,?,?,?,?,?,1&2,1,0,?,1,0,1,1,?,?,?,0,4,0,0,?,0&1&2,?,3&4,0
Eurya_japonica,1,0,1,1,0&1,0,0,1,3,1,1&2,1,0,0&1,0,0,0,1,0,0,?,0,2,1,1,1,2,0,?,?
Exacum_affine,0,0,1,1,0&1,0,0,1,3,1,0,0,?,?,2,0,0,?,0,0,3,0,1,1,1,?,?,0,3,2
Exbucklandia_populnea,0,1,0&1,0&1,?,0,0,?,?,0,1&2,1,?,?,?,0,1,1,?,?,?,0,1,1,1,0,2,0,3,2
Fagopyrum_esculentum,0,0,1,0,?,0,0,0,3,0,1,1,?,?,?,?,0,0,?,?,?,0,2,1,1,?,0,?,3,2
Fagus_grandifolia,1,1,1,0&1,0&1,0,0,0,1&2,0,1&2,?,?,?,?,?,0,?,?,?,?,?,2,?,1,?,1,0,?,?
Fendlera_rupicola,0,1,1,1,0,0,0,1,2,1,1,?,?,?,?,?,?,?,?,?,?,0,3,?,1,1,?,?,?,?
Ficus_carica,?,?,1,0,0,0,0,0,2&3,0,0,?,?,?,?,?,?,?,?,?,?,?,0,?,1,?,?,?,?,?
Flacourtia_indica,0&1,0,1,0&1,0&1,0,0,0,2&3,0,2,1,0,0,?,?,0,0,?,?,?,0,3,1,1,1,0&1,1,3,2
Flagellaria_indica,0,0,1,1,0,0,0,1,1,1,1,1,?,?,1,0,0,?,0,1,1,0,2,1,1,1,0,0,1,1
Floerkea_proserpinacoides,0,0,1,1,0,0,0,1,1,1,1,1,0,?,?,?,?,?,0,1,1,?,1&2,?,1,1,0,?,2,0&2
Forgesia_racemosa,0,0,1,1,1,0,0,1,3,1,0,?,?,?,0,1,?,?,0,0,3,0,1,1,1,1,?,?,?,?
Forstera_bidwillii,0,1,1,1&2,0&1,0,0,1,3,1,0,?,1,?,2,1,?,?,?,0,0,0,1,?,1,1,?,2,?,?
Fouquieria_splendens,0,0,1,1,0&1,0,0,1,3,1,2,1,0&1,0&1,0,1,0,1,0,1,?,0,2,1,1,1,2,0,3,2
Frankenia_pulverulenta,0,0,1,1,0&1,0,0,1,3,1,1,?,?,?,2,?,0,?,?,?,?,?,?,?,1,?,?,1,?,?
Fuchsia_procumbens,0,1,1,0,1,0,0,0,2,1,1,1,0,0,0,1,?,0,0,1,2,0,3,1,1,1,0&1&2,0,2&3,1
Gaiadendron_punctatum,0,1,?,?,?,0,0,1,?,1,1,1,0,1,0,1,0,?,0,0,?,0,2&3,1,1,1,?,?,?,?
Galax_urceolata,0,0,1,1,0,0,0,1,3,1,0,1,1,0&1,0,0,?,0,0,1,3,0,2,1,1,1,2,0,3,2
Galbulimima_belgraveana,0,0,0,?,?,?,?,?,?,?,2,0,?,?,2,0,1,1,1,?,?,1,4,?,1,?,0&1,?,1,0
Galearia_filiformis,?,?,1,1,1,0,0,1,3,1,1,0,0,0,1,0,0,0,0,1,3,0,1,1,0,?,0,?,3,2
Galium_aparine,0,1,1,0,0&1,0,0,0,2,0,0,1,0,0&1,0,0,?,?,0,0,2,0,1,1,1,0,?,?,4,0
Garcinia_subelliptica,1,0,1,1,?,0,0,1,3,1,2,?,1,?,?,?,0,?,0,0,3,0,2&3,1,?,?,?,?,?,?
Garrya_elliptica,1,1,1,0,0,0,0,0,0&2,0,0,1,0,0,0,0,0,?,0,0,2,0,1,1,1,0,?,?,3,2
Geissoloma_marginatum,0,0,1,0,?,0,0,0&1,0&2,1,1,?,?,?,0,1,0,?,0,1,2,?,3,1,1,?,1,?,3,2
Gelsemium_sempervirens,0,0,1,1,1,0,0,1,3,1,0,1,0,0,0,0,0,?,0,0,3,0,1,1,1,?,2,?,3,2
Gentiana_saponaria,0,0,1,1&2,1,0,0,1,2&3,?,0&1,?,?,1,?,?,?,?,0,?,2&3,0,1,1,?,?,?,?,?,?
Geranium_sanguineum,0,0,1,1,0,0,0,1,3,1,?,?,?,?,?,?,?,?,?,?,?,?,3,1,1,1,1,?,3,?
Gerbera_jamesonii,?,1,1,0,0&1,1,?,1,3,1,0,?,0,?,0,0,?,?,?,?,3,?,1,?,1,1,0,?,?,?
Gerrardina_foliosa,0,?,1,1,?,0,0,1,3,1,0,?,0,0,0,0,0,?,0,0,3,?,1,1,1,?,1,?,?,?
Gilia_capitata,0,0,1,1,1,0,0,1,3,1,0,1,0,1,?,0,0,0,0,0,3,0,2,1,1,1,2,0,4,2
Gisekia_africana,1,0,1,0,0,0,0,0,3,1,1&2,1,0&1,0,1,1,0,0,0,0&1&2,3,0,3&4,0,1,0,0,?,?,?
Gladiolus_buckerveldii,0,1,1,1,1,1,0,1,1,1,0,1,0,1,2,1,0,?,0,?,1,0,2,1,1,?,?,0,?,?
Glaucidium_palmatum,0,0,1,0,0,0,0,1,0,0,2,1,?,?,0,0,0,?,?,?,?,?,1,0,1,0,2,?,3,0
Glycine_max,0,0,1,1,0&1,1,0,1,3,1,1,1,0&1,0,?,?,0,?,?,1,3,?,0,?,?,?,?,?,?,?
Gomortega_keule,0,1,1,0&1,0,0,1,?,?,1,1,0,0,0,0,0,2,1,1,?,?,1,1&2,1,1,?,0,?,0,?
Gomphandra_javanica,0,1,1,1,1,0,0,1,2&3,1,0,0,0,0,0,0,0,1,0,0,2&3,?,1,1,0,?,1,0,3,1
Gonocaryum_litorale,0,0,1,1,1,0,0,1,3,1,0,0,0,1,0,1,0,0,0,0,3,?,1,1,1,?,1,0,?,?
Goodenia_ovata,0,1,1,1,0&1,1,0,1,3,1,0,?,0,?,0,0,?,?,?,?,3,?,1,?,1,1,?,0,3,2
Gossypium_hirsutum,0,0,1,1,1,0,0,1,3,1,?,?,1,1,?,?,0,?,0,1,?,?,2&3,1,1,?,2,?,4,1
Goupia_glabra,0,0,1,1,1,0,0,1,3,1,0,?,?,?,0,?,0,?,0,0,3,0,3,1,?,?,2,0,?,?
Grevillea_robusta,0,0,1,0,0,1,0,0,2,0,0,?,0,1,0,1,0,0,0,0,2,?,0,?,?,?,1,?,3&4,1
Greyia_radlkoferi,0,1,1,1&2,?,0,0,1,2&3,1,1&2,1,0,0,1,0,0,1,0,1,?,0,3&4,1,1,1,2,0,?,?
Griselinia_littoralis,0&1,1,1,1,0,0,0,1,3,1,0,1,?,?,1,1,0,?,0,0,3,0,2,1,1,1,0,?,3,2
Grubbia_tomentosa,0,1,1,0,?,0,0,0,2,?,1,?,0,?,?,?,?,?,0,1,2,0,?,?,1,?,?,?,?,?
Guaiacum_sanctum,0,0,1,1,0,1,0,1,3,1,0&1,?,0,?,?,?,?,?,0,0&1,3,?,?,1,1,?,?,0,?,?
Guamatela_tuerckheimii,0,0,1,1,?,0,0,1,3,1,1,?,?,?,?,?,?,?,0,1,3,?,?,?,1,?,?,?,?,?
Guizotia_abyssinica,1,1,1,0,0&1,0&1,0,1,1&3,1,0,1,0,1,0,0,0,1,0,0,3,?,1,1,1,1,0,?,?,?
Gunnera_hamiltonii,1,1,0&1,0&1,?,?,0,1,0&1,1,0,?,0,?,?,?,?,?,?,?,?,?,1,1,1,0,?,?,?,?
Gymnosporia_senegalensis,0,?,1,1,?,0,?,1,3,?,0,?,?,?,?,?,?,?,?,?,?,?,?,?,1,?,?,?,3,2
Gyrocarpus_americanus,0&1,1,1,0&1,1,0,0,0,2&3,0,0,1,0,?,1,0,2,1,0,1,2,?,0,?,1,?,0,?,0,?
Gyrostemon_tepperi,1,0,?,?,?,0,0,0,?,0,?,?,0,0,0,?,0,?,0,0,?,?,0&1,?,1,?,?,?,?,?
Halesia_carolina,1,1,1,1,1,0,0,1,2,1,2,1,0&1,0&1,0,0,0,0,0,0,1&2,0,3,1,1,1,2,0,?,?
Halleria_lucida,0,0,1,1,1,1,0,1,1&2&3,1,0,1,?,1,?,?,?,?,0,0,2,0,1,1,1,1,2,2,3,2
Halophytum_ameghinoi,1,0,0&1,0,0,?,0,0,2,0,0,1,0,0,1,1,0,0,0,0,2,0,2,1,1,1,0,?,4,1
Haloragis_aspera,0,1,1,1,0,0,0,1,2,1,1,?,0,0,?,0,?,0,0,?,2,0,3,1,1,0,0&1,?,?,?
Hamamelis_virginiana,0,1,1,1,0&1,0,0,1,2,1,0,?,?,0,0,0,2,1,0,?,2,0,1,1,1,0,0,0,3,0
Hedera_helix,0,1,1,1,0&1,0,?,1,3,1,0,?,0,0,0,?,0,?,?,0,3,?,3,1,?,1,1,?,3,2
Hedycarya_arborea,1,0,1,0&1&2,?,?,0,2,0&1&2,0,2,?,?,?,?,?,?,?,?,?,?,0&1,4,0,0,?,0,0,0,?
Hedyosmum_arborescens,1,1,0&1,0,0,0,0,0,1,?,0,0,?,?,1,0,0,1,?,?,?,?,0,?,1,?,0,?,1,0
Heisteria_parvifolia,0,0,1,1,1,0,0,1,2&3,1,1,?,0,1,?,0,0,?,0,1,2&3,0,2,1,1,?,?,?,3,2
Helianthemum_nummularium,0,0,?,?,?,0,0,1,3,1,?,?,0,0,0,?,0,?,?,?,?,?,?,1,1,?,?,1,?,?
Helianthus_annuus,0,1,1,0,0&1,0&1,0,1,3,1,0,1,0,1,0,0,?,?,0,0,3,?,1,1,1,1,0,?,3,2
Helwingia_japonica,1,1,1,0,0,0,0,0,1&2&3,?,0,1,0,0,0,1,0,0,0,0,1&2&3,?,1,1,1,?,0,0,3,2
Heptacodium_miconioides,0,1,1,1,0&1,1,0,1,3,1,0,1,0,?,0,1,?,?,0,0,3,?,2,?,1,?,?,?,3,1
Hernandia_ovigera,1,1,1,1,?,0,0,1,1&2,0&1,0,?,?,?,?,?,?,?,0,0,1,?,0,?,1,?,0,?,?,?
Heteromorpha_arborescens,1,1,1,1,?,?,0,1,3,1,0,?,?,?,?,?,?,?,?,?,?,?,1,?,1,?,?,?,?,?
Heteropyxis_natalensis,?,?,?,?,?,0,0,?,?,?,?,?,?,0,0,1,?,?,0,?,?,?,?,1,1,?,?,?,3,2
Heuchera_micrantha,0,1,1,1,0,0,0,1,3,1,0,?,0,0,?,?,0,?,0,0,3,0,?,1,1,0,?,1,?,?
Hevea_brasiliensis,1,1,1,0,1,0,0,0,3,0,1,?,1,?,2,1,0,?,0,1,3,0,2,1,1,?,0,?,3,1
Heywoodia_lucens,0,?,1,1,?,?,?,1,?,1,1&2,?,0&1,?,?,?,?,?,?,1,?,?,3,?,?,?,1,?,?,?
Hibbertia_volubilis,?,?,1,1,?,?,?,1,3,?,1&2,?,0&1,?,?,?,0,?,?,?,?,?,3&4,0,1,?,2,?,3&4,0
Hirtella_bicornis,0,?,1,1,?,?,0,1,3,1,0,1,?,?,?,1,0,?,?,?,?,?,0,?,1,?,1,?,?,?
Homalanthus_populneus,1,?,1,0,0&1,0,0,0,0,?,1,?,0,?,?,1,0,?,?,?,?,0,1,1,1,1,0,?,3,2
Hordeum_bulbosum,0,0,1,0,?,?,?,?,?,?,0,?,0,0,?,0,0,?,?,?,?,?,1,?,?,0,0,?,1,1
Hortonia_floribunda,0,0,1,2,0,0,1,?,?,1,1,1,0,0,2,?,0,0,1,?,?,1,4,0,1,0,0,?,0,?
Houttuynia_cordata,1,1,0,?,?,?,?,?,?,?,0,1,?,?,?,?,0,0,0,0,1,0,2,1,1,0,2,1,1,0
Hua_gabonii,0,0,1,1,0,0,0,1,3,1,1,?,0,0,?,0,?,?,?,0&1,?,?,3,1,1,?,?,?,?,?
Hugonia_platysepala,0,0,1,1,?,0,0,1,3,1,1,?,0&1,?,0,0,0,?,0,1,3,0,3,1,1,0,1,?,3,2
Humiria_balsamifera,0,?,1,1,0&1,0,0,1,3,1,2,0,0&1,?,?,1,?,?,0,0,3,0,3,1,1,1,1,?,3,2
Humulus_lupulus,0,0,1,0,?,0&1,0,0,3,0,0,1,0,?,?,0,0,0,0,0,3,?,1,?,1,0,0,?,3,1
Hura_crepitans,1,0,1,0,1,0,0,0,3,0,1&2,?,1,?,2,0,0,1,0,1&2,?,?,3&4,1,1,1,0,0,3,2
Hybanthus_concolor,0,0,1,1,0,1,0,1,3,1,0,?,?,?,?,?,?,?,0,0,3,0,2,1,1,1,?,?,?,?
Hydnocarpus_heterophylla,1,0,1,2,0,?,?,1,?,1,2,1,0,0,1,1,0,?,?,?,?,0,2&3,1,1,1,2,1,?,?
Hydrangea_macrophylla,0,1,?,?,?,?,0,?,?,1,?,?,?,?,?,0,0,0,?,?,?,?,?,?,1,?,?,0,?,?
Hydrastis_canadensis,0,0,1,0,0,0,0,0,1,0,2,0,0,?,?,?,0,?,?,?,?,0&1,3&4,0,1,?,1&2,?,3,0
Hydrocharis_dubia,?,1,1,1,?,0,0,1,1,1,1,1,0&1,0,1,0,0,1,0,2,1,?,4,?,?,?,?,3,0,?
Hydrocotyle_vulgaris,0,1,1,0,0,0,0,0,3,?,0,1,0,0,?,?,0,0,0,0,3,0,1,1,1,0,?,0,3,2
Hydrolea_ovata,0,0,1,1,0&1,0,0,1,3,1,0,1,?,0&1,?,0,?,?,0,0,3,?,1,1,1,0,?,0,?,?
Hydrophyllum_capitatum,0,0,1,1,1,0,0,1,3,1,0,1,0,0&1,?,?,?,?,0,0,3,?,?,?,?,?,?,1,?,?
Hydrostachys_multifida,1,?,?,?,?,?,?,?,?,?,0,?,?,?,2,?,?,?,?,?,?,?,1,1,1,1,?,1,?,?
Hymenanthera_alpina,0,0,1,1,0&1,0,0,1,3,1,0,?,0,0,0,?,?,0,0,0,3,0,1,1,1,0,0&1&2,?,?,?
Hypecoum_imberbe,0,0,1,1,0,?,0,2,0,1,0,0,?,?,2,0,?,0,?,?,?,0,1,1,1,0,?,?,2,0
Hypericum_perforatum,0,0,?,?,?,0,0,1,3,1,2,1,?,0,?,?,0,?,?,?,?,0,2,1,1,?,?,0,3,2
Hypertelis_spergulacea,0,0,1,0,0,0,0,0,3,0,2,1,0,0,1,1,0,0,0,0&1&2,1,0,2&3,0,1,0,0,0,?,?
Hypoxis_hemerocallidea,0,1,1,1,0,0,0,1,1,1,1,?,0,0,1,0,0,?,0,0,?,0,2,1,1,?,?,0,?,?
Icacina_mannii,0,?,1,1,?,?,0,1,3,1,?,?,?,?,?,?,?,?,?,?,?,?,?,?,?,?,?,?,3,2
Idesia_polycarpa,0,0,1,0,0,0,0,0,3,0,2,1,0,0,0,0,0,0,0,2,?,?,3,1,1,1,?,1,?,?
Idiospermum_australiense,1,0,1,2,0,0,1,?,?,1,2,?,?,0,2,1,0,1,1,?,?,1,0&1&2&3,0,0,0,1,?,?,?
Ilex_cornuta,0,0,1,1,1,0,0,1,2,1,0,1,0,0,0,1,0,0,0,0,2,?,3,1,1,?,?,0,?,?
Illicium_floridanum,0,0,1,2,?,0,1,?,?,1,2,0,?,?,0,0,0,1,?,?,?,0&1,4,?,1,?,0,?,3&4,0
Impatiens_repens,0,0,1,1,1,1,0,1,1&2&3,1,0,0,1,0,?,?,?,?,0,0,3,0,3,1,1,?,?,0,?,?
Indigofera_heterantha,?,0,?,?,?,1,0,1,3,1,1,?,?,?,?,?,?,?,?,?,?,?,?,?,?,?,2,?,?,?
Ipomoea_alba,0,0,1,1,0&1,0,0,1,3,1,0,1,?,?,2,?,0,?,0,0,3,?,1,?,1,?,2,?,?,?
Iris_missouriensis,0,1,1,1,0&1,0,0,1,1,1,0,?,0,1,2,0,0,0,0,0,1,?,2,1,1,0,2,0,?,?
Irvingbaileya_australis,0,0,1,1,0&1,0,0,1,3,1,0,0,0,0,0,1,0,0,0,0,3,?,1,1,0,?,0,0,3,1
Irvingia_malayana,0,0,1,1,?,0,0,1,2&3,1,1,1,0,?,1,0&1,0,?,0,?,?,0,1,1,1,?,0,0,3,2
Itea_virginica,0,?,1,1,?,0,0,1,3,1,0,1,0,?,0,?,0,?,?,?,?,0,1,1,1,?,?,0,3,2
Ixerba_brexioides,0,0&1,1,1,?,0,0,1,3,1,0,?,?,?,0,1,0,1,0,0,3,?,3,1,1,?,1,0,4,2
Ixiolirion_tataricum,0,1,1,1,0&1,0,0,1,1,1,1,1,0,1,?,0,0,?,0,1,1,0,2,1,1,?,?,0,?,?
Japonolirion_osense,0,0,1,1,0,0,0,1,1,1,1,1,0,0,0,0,0,?,0,1,1,0,2,1,0,?,2,?,1,0
Jasminum_simplicifolium,0,0,1,0&1&2,1,0,0,1,2&3,1,0,1,?,1,1,?,0,?,0,0,0,0,1,1,1,1,1,0,3,0
Joinvillea_plicata,0,0,1,1,0,0,0,1,1,0,1,?,?,?,1,0,0,?,0,1,1,?,2,1,1,0,0,?,1,1
Juglans_mandshurica,1,1,1,0,?,?,0,0,2,0,2,?,?,?,?,?,?,?,?,?,?,?,1,?,1,?,0,?,4,1
Juncus_effusus,0,0,1,1,0,0,0,1,1,1,0,1,0,?,?,?,0,?,0,0,1,0,2,?,?,?,?,?,1,1
Junellia_succulentifolia,0,?,?,?,?,1,0,1,?,?,0,?,?,?,?,?,?,?,?,?,2,?,1,?,1,1,1,?,3,0
Justicia_americana,0,0,1,1,1,1,0,1,3,1,0,?,0,?,?,?,?,?,0,0,3,0,1,1,1,1,1,0,?,?
Kadsura_japonica,1,0,1,1&2,0,0,1,?,?,0,2,0,?,?,0,0,0,0,1,?,?,1,4,0,?,?,0&1&2,?,4,0
Kalanchoe_daigremontiana,?,?,1,1,1,0,0,1,2,1,1,1,0,1,?,?,?,?,0,1,2,0,3,1,1,0,2,0,3,2
Kiggelaria_africana,1,0,1,1,0,0,0,1,3,1,1&2,1,0,0,?,0,0,0,?,?,?,0,?,1,1,0,?,1,3,2
Kingdonia_uniflora,0,0,1,0&1,0,0,1,?,?,0,0&1,?,0,?,?,0,0,0,1,?,?,1,2&3&4,0,1,0,?,?,?,?
Klainedoxa_gabonensis,0,0,1,1,0&1,0,0,1,3,1,1,1,0,0,?,?,?,?,0,?,?,0,3,1,1,?,0,?,3,2
Koeberlinia_spinosa,0,0,1,1,0,0,0,1,2,1,1,0,0,?,0,0,0,1,?,2,?,?,3,1,?,?,2,0,3,2
Kolkwitzia_amabilis,0,1,1,1,0&1,1,0,1,3,1,0,1,0,1,?,?,0,?,0,0,?,0,2,1,1,1,0,?,3,2
Krameria_ixine,0,?,?,?,?,1,0,1,2&3,?,0,?,?,?,?,?,?,?,?,?,?,?,0&1,?,?,?,?,?,?,?
Lachnostylis_bilocularis,?,?,?,?,?,?,?,?,?,?,?,?,0,?,?,?,?,?,?,?,?,0,1,1,?,?,1,?,?,?
Lacistema_aggregatum,0,0,1,0,?,?,0,0,1&2,?,0,0,?,?,?,?,0,?,?,?,?,0,2,1,1,?,0&1,1,3,2
Lactoris_fernandeziana,1,0,1,0,0,0,0,0,1,0,1,?,0,?,2,?,0,1,0,1,1,0,2,0,1,0,2,?,1,1
Lactuca_sativa,0,1,1,0,0&1,1,0,1,3,1,0,1,0,?,0,0,?,?,0,0,3,?,1,?,1,1,0,?,3,2
Lamium_amplexicaule,0,0,1,1,1,1,0,1,3,1,0,?,?,1,?,?,?,?,?,?,?,?,?,?,?,?,?,?,3,0
Lampranthus_blandus,0,?,1,1&2,0&1,0,?,1,3,1,1&2,1,0&1,?,0,?,?,?,0,?,?,0,3,1,?,?,?,?,?,?
Lapageria_rosea,0,1,1,1,0,0,0,1,1,1,1,1,0,?,0,0,0,0,0,1,1,0,2,1,1,1,?,1,0,?
Lardizabala_biternata,?,0,1,2,0,0,0,2,1,1,1,?,1,?,2,?,0,1,0,?,1,0,2&3&4,0,0,?,2,1,3,2
Larrea_tridentata,0,?,1,0&1,?,0,0,1,3,1,1,?,?,?,?,?,?,?,?,?,?,?,3,?,?,?,?,?,3,2
Lasiocroton_bahamensis,1,0,1,0,?,?,0,0,2&3,?,1&2,?,0,?,0,1,0,?,?,?,?,0,2,1,1,?,0,?,?,?
Laurus_nobilis,0,0,1,0,1,0,0,1,0,0,2,0,?,?,0,0,2,1,0,0&2,2,?,0,?,1,?,0,?,0,?
Leea_guineensis,0,1,1,1,1,0,0,1,3,1,0,1,0,?,0&2,?,0,?,0,0,3,0,2,1,1,1,1,1,3,2
Lemna_minor,0,0,0,?,?,?,?,?,?,?,0,1,0,?,?,0,?,0,0,0,0,?,0,?,0,?,0,?,?,?
Leonia_glycycarpa,0,0,1,1,1,0,0,1,3,1,0,0,1,?,0,1,?,0,0,0,3,0,2&3,1,1,1,2,?,3,2
Lepidobotrys_staudtii,0,0,1,1,?,0,0,1,3,1,1,?,?,0,?,1,0,?,0,1,3,?,2,?,?,?,1,0,3,2
Leycesteria_formosa,0,1,1,1,1,1,0,1,3,1,0,?,0,1,?,1,?,?,0,0,3,0,3,1,1,1,2,0,?,?
Lilium_superbum,0,0,1,1,?,0,?,?,1,1,1,1,?,?,?,?,?,?,?,?,?,?,?,?,1,?,?,0,?,?
Limeum_africanum,0,0,1,1,0,0,1,?,?,1,1,1,0&1,0,1,0&1,0,0,?,?,?,0,1,1,1,0,1,0,?,?
Limonium_arborescens,0,0,1,1,1,0,0,1,3,1,0,?,?,1,?,?,?,?,?,?,?,?,?,1,?,?,0,?,?,?
Linnaea_borealis,0,1,1,1,1,1,0,1,3,1,0,1,?,1,?,?,?,?,0,0,?,?,?,?,1,?,?,0,?,?
Linum_perenne,0,0,1,1,0&1,0,0,1,3,1,0,1,0&1,?,?,?,?,?,0,0,3,0,3,1,1,1,1,0,3&4,0
Liquidambar_styraciflua,0&1,1,0,?,?,?,?,?,?,?,0&1,1,0,?,1,0,0,0,0,0,?,0,1,1,1,0,?,0&1,4,1
Liriodendron_chinense,0,0,1,1,0,0,0,2,1,1,2,1,0,0,2,0,?,1,1,?,?,1,4,0,?,?,1,?,?,?
Lissocarpa_benthamii,?,1,1,1,1,0,0,1,2,1,1,0,0,1,?,0,0,?,0,0,?,0,3,1,1,1,1,?,3,1
Lobelia_angulata,1,1,1,1,1,1,0,1,3,1,0,?,1,?,0,0,0,?,?,?,3,?,1,?,1,1,?,0,3,?
Lomandra_longifolia,0&1,0,1,1,0,0,0,1,1,1,1,1,0,1,0,1,0,0,0,1,1,0,2,1,1,?,0,0,?,?
Lonicera_japonica,0,1,1,1,1,1,0,1,3,1,0,1,0,1,0,1,0,?,?,0,3,?,1&2,1,1,?,?,0,3,1
Lophopyxis_maingayi,1,0,1,1,0&1,0,0,1,3,1,0,1,0,0,1&2,0,0,0,0,0,3,0,3,1,0,?,1,0,3&4,2
Lotus_corniculatus,?,0,?,?,?,1,0,1,?,1,1,?,?,?,?,?,?,?,?,?,?,?,?,?,?,?,2,?,3,2
Lozania_pittieri,0,0,1,0,?,?,?,0,2,?,0,1,?,?,?,?,0,?,?,?,?,?,2,1,0,?,0&1,1,?,?
Luculia_gratissima,0,1,1,1,1,0,0,1,3,1,0,?,0,1,1,1,?,?,0,0,3,?,?,1,1,?,2,0,?,?
Lunania_parviflora,0,0,1,0,1,0,0,0,0,0,1&2,?,0,0,2,0,0,?,?,?,?,?,2,1,1,1,?,1,?,?
Luxemburgia_octandra,0,0,1,1,0,0,0,1,3,1,1,0,1,0,1,0,0,0,?,?,?,0,2,1,1,1,2,0&1,2&3,2
Lythrum_salicaria,0,0,1,1&2,1,0,0,1,?,1,2,1,0,?,0,1,0,0,0,?,?,0,1,1,1,1,?,0,3,2
Mackinlaya_confusa,1,1,1,1&2,?,0,?,1,3,1,0&1,?,?,?,?,?,?,?,0,0,3,0,1,?,1,0,0,?,?,?
Maesa_tenera,1,1,1,1,1,0,0,1,3,1,0,1,0,0,0,1,?,?,0,0,3,0,?,1,1,1,?,?,?,?
Magnolia_tripetala,0,0,1,1,0,0,0,1&2,1,0&1,2,0,?,?,0,0,1,1,1,?,?,1,4,?,?,?,?,?,?,?
Mahonia_bealei,0,0,1,2,0,0,0,2,1,1,1,?,?,?,?,?,2,?,0,?,?,?,0,?,1,?,2,?,?,?
Malesherbia_linearifolia,0,0,1,1,1,0,0,1,3,1,0,1,0,0,?,1,0,0,0,0,3,0,2,1,1,0,2,1,3,2
Malpighia_emarginata,0,0,1,1,?,1,0,1,3,1,?,?,?,?,?,?,?,?,?,?,?,?,?,?,?,?,?,?,?,?
Mammea_americana,?,0,1,0&1,?,0,0,1,?,1,1&2,?,?,?,?,?,0,?,0,?,?,0,1&2&3,1,1,?,1&2,0,?,?
Manihot_esculenta,0&1,0,1,0,0&1,0,0,0,3,0,1,1,0,0,0,1,0,?,0,1,3,0,2,1,1,0,0,0,4,1
Manilkara_zapota,0,0,1,2,0&1,0,0,2,1,1,0&1,?,0,1,2,0,0,?,0,1,3,0,2&3&4,1,1,1,0,0,3,2
Maranta_cristata,0,1,1,1,0&1,?,0,1,1,1,0,0,1,?,1,0,?,1,0,1,0&1,0,3,?,1,?,0,0,?,?
Marathrum_rubrum,0,0,1,1&2,?,0,0,0,?,?,1,1,?,0,?,0,0,?,0,0,?,0,1,1,1,?,2,0,?,?
Marcgravia_trinitatis,0,?,1,1,?,?,0,1,2,1,2,1,0,?,?,1,?,?,?,?,?,?,3&4,1,1,1,?,?,3,2
Martynia_annua,0,0,1,1,1,1,0,1,3,1,0,1,0,1,?,?,0,?,0,0,3,0,1,1,1,1,1,1,4,1
Mauloutchia_chapelieri,1,0,1,0,?,0,0,0,1,0,2,?,?,?,2,0,?,?,?,?,?,?,0,?,?,?,0,?,?,?
Mayaca_fluviatilis,0,0,1,1,0,0,0,1,1,1,0,?,0,0,2,0,?,0,0,0,1,0,2,1,1,1,1,?,1,0
Mazus_pumilus,0,0,1,1,1,1,0,1,3,1,0,?,0,?,?,?,?,0,0,0,?,0,1,1,1,1,2,0,?,?
Medicago_sativa,0,0,1,1,0&1,1,0,1,3,1,1,?,0&1,0,?,?,?,?,?,?,?,?,?,?,1,?,2,?,3,2
Medusagyne_oppositifolia,1,0,1,1,0&1,0,0,1,3,1,2,1,0,0,1,0,0,1,?,?,?,0,4,1,1,0,1,0,2&3&4,1
Melanophylla_alnifolia,0,1,1,1,0&1,0,0,1,3,1,0,1,0,0,0,1,0,?,?,0,3,?,2,1,?,0,0,?,3,2
Melianthus_major,0,0,1,1,0&1,1,0,1,2&3,1,0,1,0,0,?,1,0,0,0,0,2,0,3,1,0,1,?,0,?,?
Meliosma_veitchiorum,0,0,1,1,0,1,?,?,3,1,0,1,0,0&1,2,1,0,0,?,?,?,?,1,1,1,1,1,0,?,?
Menispermum_canadense,1,0,1,1&2,?,0,0,?,1&2,1,2,?,0,?,?,0,0,0,?,?,?,?,1&2&3,?,1,0,1,0,3,0&2
Mentzelia_lindleyi,0,1,1,1,0,0,0,1,3,1,?,1,0,0,?,?,?,?,?,?,?,0,2,1,1,1,?,?,?,?
Menyanthes_trifoliata,0,0,1,1,1,0,0,1,3,1,0,1,0,0,0,?,?,?,?,?,3,?,1,1,1,1,?,1,3,2
Mesua_larnachiana,0,?,1,1,?,?,?,1,2,1,1&2,1,?,?,?,?,0,?,?,?,?,0,3,1,1,1,0,1,?,?
Metanarthecium_luteoviride,0,1,1,1,0,0,0,1,1,0,1,1,?,?,?,?,0,?,0,1,1,0,2,1,1,1,2,0,1,0
Metrosideros_nervulosa,?,?,?,?,?,0,0,?,?,?,?,?,?,0,0,1,?,?,0,?,?,?,?,1,1,?,?,?,?,?
Micrantheum_hexandrum,?,?,1,1,?,0,0,1,1,1,1,1,0,?,?,1,?,?,0,0,?,0,2,1,1,?,1,0,4,1
Microdesmis_puberula,?,0,1,1,?,0,0,1,3,1,0,?,?,?,?,?,0,?,0,0,3,0,1&2,1,1,?,0,?,3,0&2
Mimosa_polycarpa,?,?,?,?,?,?,?,?,2,?,?,?,?,?,?,?,?,?,?,?,?,?,?,?,?,?,?,?,?,?
Minquartia_guianensis,0,0,1,1,1,0,0,1,3,1,1,?,0,1,?,1,?,?,0,1,3,0,2&3,1,1,1,0,?,3,2
Mirabilis_jalapa,0,0,1,0,1,0,0,0,3,0,0,1,?,1,?,?,0,?,?,?,?,?,0,?,1,?,0,?,4,1
Misodendrum_linearifolium,1,0,0&1,0,1,0,0,0,1,?,0,?,?,?,?,?,0,?,?,?,1,0,2,1,1,1,0,2,4,1
Mitchella_repens,0,1,1,1&2,1,0,0,1,1&2&3,1,0&1,?,0,0&1,0,0,?,?,0,0,1&2&3,0,3,1,1,1,0,?,?,?
Molineria_capitulata,0,1,1,1,0,0,0,1,1,0,1,?,0,?,0,1,0,?,0,0,?,0,2,1,1,?,?,0,?,?
Mollugo_verticillata,0,0,1,0,0,0,0,0,2&3,0,0,1,0,0,0,1,0,?,0,0,0&1&2&3,0,2&3,1,1,0,2,0,4,0
Montinia_caryophyllacea,0,1,1,1,?,0,0,1,2,?,0,1,0,0,?,?,?,?,0,0,1&2&3,?,1,1,1,0,0&1&2,0,3,2
Morina_longifolia,0,1,1,1,1,1,0,1,3,1,0,1,?,1,?,?,?,?,?,0,?,?,2,1,?,?,0,?,3,1
Morus_indica,1,0,1,0,0,0,0,0,2,0,0,1,0,0,?,?,?,?,0,0,2,?,?,?,?,?,0,?,?,?
Moschopsis_rosulata,?,1,1,1,0&1,0,0,1,3,1,0,?,1,?,0,0,?,?,?,?,3,?,1,?,1,1,0,?,?,?
Moultonianthus_leembruggianus,0,0,1,1,0,?,0,1,3,1,1&2,1,0,0,0&1,0,0,?,0,1,2&3,0,2,1,1,1,0,?,?,?
Mouriri_cyphocarpa,0,1,1,1,0,?,0,1,3,1,1,?,0,0,0,0,0,0,0,1,3,0,3,1,1,1,2,0,?,?
Musa_acuminata,0,1,1,1,0&1,1,0,1,1,?,0,?,?,?,?,?,?,?,?,?,?,?,2,1,1,?,?,0,?,?
Myodocarpus_fraxinifolius,0,1,1,1,?,0,0,1,3,1,0,1,0,?,?,1,?,?,0,0,3,0,1,?,1,0,0,?,?,?
Myoporum_mauritianum,0,0,1,1&2,1,0,0,1,3,1,0,1,?,0&1,0,0,0,?,0,0,2&3,?,3&4,1,1,?,0,?,?,?
Myrica_cerifera,1,?,0,?,?,?,?,?,?,?,0,1,1,?,2,?,0,?,0,0,?,?,1,1,1,?,0,?,3,1
Myrica_gale,1,?,0,?,?,?,?,?,?,?,0,1,?,?,2,?,0,?,0,0,?,?,1,1,1,?,0,?,3,1
Myriophyllum_sibiricum,1,1,1,0&1,?,0,0,0&1,?,?,1,1,?,?,?,0,0,?,?,1,2,?,3,?,1,?,0,?,?,?
Myristica_fragrans,1,0,1,0,1,?,0,0,1,0,1&2,?,?,0,2,?,0,0,?,?,?,?,0,?,1,?,0,?,1,0
Myrothamnus_flabellifolia,1,0,0,?,?,?,?,?,?,?,0,1,1,?,1,0,0,1,0,?,?,?,2&3,1,1,0,2,0,3,0
Myrtus_communis,?,?,?,?,?,0,0,?,?,?,?,?,?,0,0,1,?,?,0,?,?,?,?,1,1,?,?,?,3,2
Najas_minor,1,?,0,?,?,?,?,?,?,?,0,?,?,?,?,?,?,?,?,?,?,?,0,?,1,?,0,?,?,?
Nandina_domestica,0,0,1,2,0,0,0,2,1,1,1,?,0,?,?,?,0,?,0,1,1,?,0,?,1,?,1&2,?,3,0
Nardostachys_chinensis,0,1,1,1,0&1,1,0,1,3,1,0,1,0,1,?,1,0,?,0,0,?,?,2,1,1,1,0,?,?,?
Nelumbo_lutea,0,0,1,2,0,0,1,?,?,1,2,1,0,?,0&1,0,0,1,?,2,?,0,4,0,1,0,0,?,3,0
Neoscortechinia_kingii,1,?,1,0,?,0,0,0,2,?,0&1,0,?,?,1,0,0,?,?,?,?,0,1,1,0,?,0,?,3,2
Nepenthes_alata,1,0,1,0,0&1,0,0,0,2,?,?,?,?,?,2,?,?,?,?,?,?,0,3,1,0,?,2,?,?,?
Nephrophyllidium_cristagalli,0,?,1,1,1,0,0,1,3,1,0,1,0,?,0,1,0,?,0,0,3,?,1,1,1,1,?,1,?,?
Nerium_oleander,0,0,1,2,?,0,0,1,3,1,0,0,?,1,0,?,?,1,0,0,3,?,1,1,1,1,2,1,4,1
Neurada_procumbens,0,1,1,1,?,0,0,1,3,1,1,1,0,0,0,1,0,?,0,1,3,0,4,1,1,?,?,?,4,1
Nicotiana_tabacum,0,0,1,1,1,0&1,0,1,3,1,0,1,0,1,?,?,0,?,0,0,3,0,1,1,1,1,?,0,3,2
Nitraria_retusa,0,0,1,1,0&1,0,0,1,3,1,2,1,0,0,0&1,0,0,0,0,0,?,0,2,1,1,?,0,?,3,2
Nolana_humifusa,0,0,1,1,1,0,0,1,3,1,0,1,?,0&1,0,0,0,?,0,0,3,?,3&4,1,1,?,?,0,?,?
Nothofagus_antarctica,1,?,1,0,1,0,0,0,2,0,1&2,1,?,?,?,0,?,1,?,?,?,?,1&2,1,?,?,1,?,4,2
Nothoscordum_bivalve,0,0,1,1,1,0,0,1,1,0,1,1,0&1,0&1,0,0,0,?,0,0,?,0,2,1,1,?,2,0,?,?
Nuphar_advena,0,0,1,2,0,0,0,2,1&2&3,1,2,?,?,?,0,?,0,?,0,?,?,0,4,1,0,?,?,3,1,0
Nymphaea_odorata,0,1,1,1&2,0,0,0,2,2&3,1,2,0,?,0,0,?,0,1,0,2,?,0,3&4,1,0,?,?,3,?,?
Nymphoides_peltata,0,0,1,1,1,0,0,1,3,1,0,1,0,1,0,1,0,?,0,0,3,?,1,1,1,1,?,1,3,0
Nyssa_ogeche,1,1,1,0,?,0,0,0,3,?,0&1,?,?,?,?,?,?,?,?,?,?,?,?,?,1,?,?,?,3,2
Ochanostachys_amentacea,0,0,1,1,1,0,0,1,1&2&3,1,1&2,1,0,1,?,1,0,?,0,0,?,0,2&3,1,1,1,?,2,3,0
Ochna_multiflora,0,0,1,1,0,0,0,1,3,1,2,?,0,0,?,?,0,?,?,?,?,0,3,?,1,1,0,?,?,?
Ochroma_pyramidale,0,0,1,1,0&1,0,0,1,3,1,2,1,1,0&1,2,?,0,1,0,1,3,0,3,1,1,1,2,0,?,?
Ochthocosmus_longipedicellatus,0,0,1,1,0&1,0,0,1,3,1,0,1,0,0&1,0,?,0,?,0,0,3,?,3,?,1,1,1,?,?,?
Oenothera_parviflora,0,1,1,1,0,0,0,1,2,1,1,?,0,0,0,1,0,0,0,1,2,0,3,1,1,1,0&1&2,0,?,?
Olea_europaea,1,0,1,1,1,0,0,1,2,1,0,?,?,1,2,?,0,?,0,0,0&1&2,?,1,?,0&1,?,1,?,3,2
Olinia_ventosa,0,1,1,1,0,0,0,1,3,1,0,?,0,0,?,1,0,0,0,0,3,0,3,1,1,1,1&2,0,3,2
Omphalea_diandra,1,0,1,0,0&1,0,0,0,2&3,?,0,?,1,?,2,?,?,1,?,0,0,0,2,1,1,1,0,?,?,?
Oncotheca_balansae,0,0,1,1,0&1,0,0,1,3,1,0,1,0,1,2,0,0,1,0,0,3,0,3,1,1,?,1,?,2&3,2
Opilia_amentacea,0,0,1,0,0,0,0,0,2&3,0,?,?,?,?,0,?,0,?,?,?,?,?,?,?,?,?,?,?,3,2
Opuntia_microdasys,0,1,?,?,?,0,?,?,?,1,?,?,?,?,?,?,?,?,?,?,?,?,?,?,?,?,?,?,?,?
Orontium_aquaticum,0&1,?,1,1,?,?,0,1,1,?,1,?,?,?,?,?,?,?,0,1,1,?,?,?,?,?,0,?,1,0
Oryza_sativa,0,?,1,0,?,1,0,1,0,1,1,1,0,0,?,0,0,0,?,?,?,?,0,?,1,?,0,?,1,1
Osyris_lanceolata,0,?,1,0,0,0,0,0,1&2,0,0,?,?,?,?,?,?,?,0,0,1&2,?,0,?,1,?,2,?,3,2
Oxalis_dillenii,0,0,1,1,1,0,0,1,3,1,1,1,1,0,0&2,1,0,1,0,1,3,0,3,1,1,0,0&1&2,0,3,0
Pachysandra_procumbens,1,0,1,0&1&2,0,0,0,1,0,1,0,1,0,0,0,1,0,1,0,?,?,?,2,?,1,0,1,?,4,1
Paeonia_californica,0,0,1,1&2,0,0,1,?,?,1,2,?,0,0,2,0,0,?,?,?,?,?,0&1&2&3&4,0,0&1,0,?,?,?,?
Panax_quinquefolius,1,1,1,1,0&1,0,0,1,3,1,0,1,?,?,0,1,0,0,0,0,3,0,1,1,1,?,0&1,?,3,2
Panda_oleosa,1,0,1,1,1,0,0,1,3,1,1,1,0&1,?,0,?,?,?,0,1,3,0,2&3,1,?,?,0,?,3,2
Pangium_edule,1,0,?,?,0,0,0,1,?,1,2,0,0&1,0,0,1,0,0,?,?,?,0,1&2&3,1,0,?,2,1,?,?
Paracryphia_alticola,0,0,1,0,?,?,0,0,3,?,1&2,?,?,?,?,?,?,?,?,?,?,?,4,1,?,?,2,?,?,?
Paradrypetes_subintegrifolia,?,0,?,?,?,?,?,?,?,?,?,?,?,?,?,?,?,?,?,?,?,?,?,?,?,?,1,?,?,?
Parnassia_palustris,0,0,1,1,0,0,0,1,3,1,0,?,0,?,?,?,?,?,0,1,3,?,1,1,1,1,?,1,3,2
Paropsia_madagascariensis,0,0,1,1,?,0,0,1,2&3,1,0,?,?,?,?,1,0,?,?,?,3,0,2&3,1,1,?,2,1,?,?
Passiflora_biflora,0,0,1,1,1,0,0,1,3,1,0,?,1,?,?,1,?,?,0,0,3,0,2,1,1,?,2,1,?,?
Patrinia_triloba,?,1,?,?,1,0,0,1,3,1,0,1,0,1,?,0,?,?,0,0,2,0,2,1,1,1,0,?,?,?
Paulownia_tomentosa,0,0,1,1,1,1,0,1,3,1,0,1,0,1,0,0,0,0,0,0,2,0,1,1,1,?,2,0,3,2
Paxistima_canbyi,?,?,?,?,?,0,0,1,?,?,?,?,?,0,?,?,0,?,?,?,?,?,?,?,1,?,?,0,?,?
Pedicularis_foliosa,0,0,1,1,0&1,1,0,1,2&3,1,0,?,?,1,0,?,?,?,?,?,2,0,1,1,1,?,?,0,?,?
Pelargonium_cotyledonis,0,0,?,?,?,?,0,?,?,?,?,?,?,?,0,1,0,?,?,?,?,?,3,1,1,?,?,0,3,2
Peltanthera_floribunda,0,0,1,1,1,1,0,1,3,1,0,1,?,1,0,1,0,0,0,0,3,0,1,1,1,1,2,0,3,2
Pennantia_corymbosa,0,0,1,1,0,0,0,1,3,?,0,1,0,?,?,1,0,0,0,0,3,0,2,1,1,1,0,?,3,2
Pentadiplandra_brazzeana,0,0,1,1,?,0,0,1,3,1,1,1,1,?,1,?,?,1,0,1,3,0,3,1,1,?,2,0,?,?
Pentaphragma_ellipticum,?,0,1,1,1,0,?,1,3,1,0,?,0,?,2,0,?,?,?,?,3,?,1,?,?,?,?,0,?,?
Penthorum_sedoides,0,0&1,1,0,1,0,0,0,3,0,1,?,0,0,1,0,0,?,0,?,3,0,3&4,1,1,0,?,?,3,2
Peperomia_caliginigaudens,?,?,0,?,?,?,?,?,?,?,0,?,?,?,?,?,?,?,?,?,?,?,0,?,?,?,?,?,?,?
Pera_bicolor,1,0,?,?,?,?,?,0,?,?,0,0,1,?,1,0,0,0,0,0,1&2,?,2,1,1,?,0,?,?,?
Pereskia_aculeata,0,0,1,0&1&2,0,0,1,?,?,1,2,1,0,0&1,?,?,0,?,?,?,?,0,3,1,1,1,?,1,?,?
Peridiscus_lucidus,0,1,1,0,1,0,0,0,2&3,0,2,?,?,0,0,?,0,?,?,?,?,?,2&3,1,1,0,1,?,?,?
Perrottetia_ovata,0,0,1,1,?,?,?,?,3,?,0,?,0,?,0,?,0,?,?,?,3,0,1,1,1,1,2,?,?,?
Petalonyx_nitidus,0,1,1,1,0&1,0,0,1,3,1,?,1,0,0,?,?,?,?,?,?,?,0,2,?,?,?,?,?,?,?
Petalostigma_pubescens,1,?,1,0&1,0,0,0,1,2,?,2,?,?,?,2,1,0,?,?,?,?,0,2&3,1,1,?,1,0,4,1
Petrophile_canescens,0,0,1,0,?,0,0,0,2,0,0,?,?,?,?,?,?,1,0,0,2,?,0,?,1,?,0&1,?,?,?
Petrosavia_sakuraii,0,?,1,1,1,0,0,1,1,1,1,?,?,?,0,?,?,?,0,1,1,?,2,?,1,?,?,?,1,1
Petunia_axillaris,0,0,1,1,1,0,0,1,3,1,0,1,?,?,?,?,?,?,0,0,3,?,1,?,1,?,?,0,3,2
Peumus_boldus,1,0,1,1&2,0,0,1,?,?,1,2,1,0,0,1,?,0,0,1,?,?,1,3&4,0,1,?,0,?,0,?
Phalaenopsis_aphrodite,0,1,1,1,0,1,0,1,1,1,?,?,?,?,?,?,?,?,?,?,?,0,2,1,?,?,?,?,?,?
Phaulothamnus_spinescens,1,0,1,0,0,0,0,0,2,0,2,1,0,0,?,0,?,?,?,?,?,0,1,1,0,?,0,?,?,?
Phelline_billardierei,0,0,?,?,0&1,0,0,1,?,1,0,?,0,0,1,1,0,?,?,0,3,?,?,1,0,?,0,0,?,?
Phenakospermum_guyannense,0,1,1,1,1,1,0,1,1,1,0,?,0,1,?,0,0,0,0,?,?,?,?,?,1,1,2,0,?,?
Philadelphus_lewisii,0,?,1,1,0,0,0,1,2&3,1,2,?,?,0,?,?,?,?,?,?,?,0,3,?,1,?,?,0,?,?
Philesia_magellanica,0,?,1,1,0,0,0,1,1,1,1,?,?,?,?,0,0,?,0,1,1,?,?,?,1,?,?,1,0,?
Philydrum_lanuginosum,0,0,1,0,0,1,0,1,0,1,0,0,?,1,?,0,0,?,?,?,?,?,2,1,1,1,2,0,1,0
Phlox_longifolia,0,0,1,1,1,0,0,1,3,1,0,?,0,1,?,?,0,?,0,0,3,0,2,1,1,1,0&1&2,0,?,?
Phoenix_dactylifera,?,?,1,1,?,0,0,1,1,1,1,?,?,?,1,?,?,?,?,?,?,?,2,?,?,?,?,?,1,0
Photinia_x_fraseri,0,1,1,1,0,0,0,1,3,1,2,?,?,?,?,?,?,?,?,?,?,?,1&2&3,?,?,?,?,?,?,?
Phryma_leptostachya,0,0,1,1,1,1,0,1,3,1,0,?,?,?,?,?,0,?,?,?,?,?,1,1,1,?,0,?,3,0
Phyllanthus_flexuosus,1,?,1,0&1,0&1,0,0,0,3,0,0,?,0,0,?,?,?,?,0,0,3,0,2,?,1,?,1,?,?,?
Phyllonoma_laticuspis,0,1,1,1,0,0,0,1,3,1,0,1,0,0,0,1,0,0,0,0,3,?,1,1,0,?,1&2,1,?,?
Physena_madagascariensis,1,0,?,?,?,0,0,0,?,0,1&2,?,0,0,0,0,0,?,?,?,?,?,1,1,1,?,0,1,3,0
Phytolacca_americana,0,0,1,0,0,0,0,0,3,0,1&2,1,0,0,0,1,0,0,0,0,1&2&3,0,4,1,0&1,0,0,?,3,0
Picramnia_polyantha,?,0,?,?,?,0,0,?,?,?,?,?,0,0,0,?,0,?,0,0,?,?,?,1,?,?,?,?,?,?
Pilea_cadierei,0,?,1,0,1,0,0,0,2,0,0,?,?,?,?,?,?,?,?,?,?,?,?,?,?,?,?,?,2,1
Pimelodendron_zoanthogyne,1,?,1,0,0&1,?,0,0,0,0,1&2,?,0&1,?,1&2,1,0,?,0,1,?,0,4,1,1,?,0,?,?,?
Pinguicula_moranensis,0,0,1,1,?,1,0,1,2&3,1,0,?,?,1,?,1,0,?,0,0,0,?,?,?,1,?,?,2,4,2
Piper_betle,1,0,?,?,?,?,?,?,?,?,0,0,?,?,?,?,0,?,?,?,?,?,?,1,?,?,0,?,?,?
Pisum_sativum,0,?,1,1,0&1,1,0,1,3,1,1,?,0&1,?,?,?,?,?,0,1,3,?,0,?,?,?,?,?,3,2
Pittosporum_tobira,0,0,1,1,0&1,0,0,1,3,1,0,1,0,0,1,0,0,1,0,0,3,0,1&2&3,1,1,1,?,1,?,?
Plagiopteron_suaveolens,0,0,1,0&1,?,?,0,1,?,1,2,1,0,?,?,?,0,?,?,?,?,?,?,?,1,?,?,?,?,?
Plantago_lanceolata,0,0,1,1,1,0,0,1,2,1,0,?,?,0,2,1,0,?,0,0,0&1&2,?,1,1,1,?,?,0,4,1
Platanus_occidentalis,0&1,0,?,?,0&1,?,0,0&1,1&2&3,1,0&1,1,0,?,0&1,0,1,1,0,0,1&2&3,0,3&4,0,1,0,0&1,0,3,0
Platysace_lanceolata,?,?,1,1,?,0,0,1,3,1,0,1,?,?,?,?,?,?,0,0,3,?,?,?,?,?,?,?,3&4,2
Platyspermation_crassifolium,0,1,1,1,1,0,0,1,3,1,0,?,0,?,0,?,0,1,0,0,3,?,1,1,1,1,?,0,3,2
Pleea_tenuifolia,0,0,1,1,0,0,0,1,1,1,1,1,0,?,0,?,?,0,?,?,1,?,2,?,1,0,?,?,2,0
Plocosperma_buxifolium,0,0,1,1,1,1,0,1,3,1,0,1,0,1,0&2,0,0,0,0,0,3,0,1,1,1,1,0&1,1,?,?
Plumbago_auriculata,0,0,1,1,1,0,0,1,3,1,0,1,0,0,?,1,0,0,?,?,?,?,0,?,1,1,0,?,3,0
Podocalyx_loranthoides,1,?,1,1,0&1,?,?,1,2&3,?,0,?,?,?,2,?,?,?,?,?,2&3,0,2,1,?,?,?,?,?,?
Podophyllum_peltatum,0,0,1,2,0,0,0,2,1,?,2,?,0,?,?,?,0,?,?,?,?,?,0,?,1,?,?,?,3,0
Podostemum_ceratophyllum,0,?,1,0,?,1,0,0,1,?,0,1,0&1,?,0,0,0,?,?,?,0,0,1,1,?,?,2,0,?,?
Pogonophora_schomburgkiana,1,0,1,1,?,0,0,1,3,1,0,1,0,?,0,?,?,?,0,0,3,0,2,1,?,?,2,0,?,?
Polemonium_reptans,0,0,1,1,1,0,0,1,3,1,0,1,0,1,1,0,0,1,0,0,?,?,2,1,1,1,2,0,4,1
Poliothyrsis_sinensis,0,0,1,0,0&1,0,0,0,3,?,2,?,0,0,2,?,0,?,0,2,?,?,2,1,1,1,?,1,?,?
Polygala_pauciflora,?,?,?,?,?,1,?,?,?,?,?,?,?,?,?,?,?,?,?,?,?,?,?,?,?,?,?,?,?,?
Polyosma_cunninghamii,?,1,1,1,1,0,0,1,2,1,0,?,0,0,0,?,0,?,0,0,2,?,0,?,?,1,0,?,3&4,1
Polypremum_procumbens,0,1,1,1,1,0,0,1,2&3,1,0,1,0,1,0,1,0,?,0,0,2,0,1,1,1,1,?,0,3&4,2
Polyscias_guilfoylei,0,1,1,1&2,?,0,0,1,3,1,0&1,?,?,?,0,1,0,?,?,?,?,?,2&3,?,?,1,?,?,?,?
Pontederia_cordata,0,0,1,1,1,1,0,1,1,0,1,1,?,?,?,0,0,?,0,1,1,?,2,?,?,?,?,?,2,0
Populus_tremuloides,1,0,0,?,?,?,?,?,?,?,1&2,?,?,?,?,?,?,?,?,?,?,?,1,1,1,?,?,?,?,?
Portulaca_grandiflora,0,1,?,?,0,0,0,1,3,1,2,?,?,0,?,?,?,?,?,?,?,0,3&4,1,1,1,?,2,4,0
Potamogeton_berchtoldii,1,?,1,0,0,?,0,0,2,0,0,?,0,0,2,?,0,?,?,?,?,?,3,0,?,?,0,?,0,?
Primula_sieboldii,0,0,1,1,1,0,0,1,3,1,0,?,?,?,0,?,0,?,0,0,3,0,3,1,1,1,?,?,?,?
Prockia_crucis,0,0,1,1,0&1,0,0,1,1,1,2,1,0,0,?,1,0,0,?,?,?,?,2&3,1,1,?,2,0,3,2
Prunus_persica,?,0,1,1,?,0,0,1,3,1,2,1,0,?,?,1,?,0,0,?,?,?,0,?,1,?,1,1,3,2
Pseudonemacladus_oppositifolius,0,1,1,1,1,1,?,1,3,1,0,1,1,1,0,?,?,?,0,0,3,?,1,1,1,1,1&2,0,2&3,2
Pseudopanax_arboreus,1,1,1,1,?,0,0,1,3,?,?,?,?,?,?,1,?,?,?,?,?,?,1,1,?,?,0,0,?,?
Pterocephalodes_hookeri,0,1,?,?,?,?,0,1,2,1,?,?,?,1,?,?,?,?,0,0,2,?,?,1,?,?,?,?,?,?
Pterostemon_rotundifolius,0,1,1,1,0&1,0,0,1,3,1,0,0,0,?,0,1,?,1,0,1,3,0,3,1,1,1,2,0,?,?
Puya_raimondii,0,0&1,1,1,0,0,0,1,1,1,1,1,0,0,?,?,?,?,0,?,?,?,?,?,1,?,?,?,?,?
Qualea_grandiflora,0,0,1,1,0&1,1,0,1,3,1,0,?,0,0,0,1,?,0&1,0,0,1,0,2,1,1,1,?,?,3,0&2
Quercus_rubra,1,1,?,?,1,0,0,0,1&2,0,0&1&2,?,?,?,?,?,0,?,?,?,?,?,2&3&4,?,?,?,1,0,?,?
Quiina_pteridophylla,?,0,?,?,?,?,0,1,?,1,?,?,?,?,?,0,0,?,?,?,?,?,?,?,1,?,?,?,3,2
Quillaja_saponaria,1,0,1,1&2,0,0,0,1,3,1,1&2,1,0,0,0,1,?,?,?,1,3,0,3,0,?,0,2,?,?,?
Quintinia_verdonii,0,1,1,1,0,0,0,1,3,1,0,1,0,0,0,1,?,?,0,0,3,0,2&3,1,1,1,2,0&1,4,2
Ranunculus_acris,0,0,1,1,0,0,1,?,?,1,2,1,0,0,2,?,0,?,1,?,?,1,4,?,?,?,0,?,4,0
Raphanus_sativus,0,0,1,1,?,?,0,1,2,1,1,1,0,?,0,1,0,?,?,?,?,?,1,?,1,?,?,?,3,0
Ravenala_madagascariensis,0,1,1,1,0&1,1,0,1,1,1,1,0,0,0,?,0,0,0,0,?,1,0,2,1,1,1,2,0,?,?
Reinwardtia_indica,0,0,1,1,0&1,0,0,1,3,1,0,1,1,1,1,1,0,0,0,1,3,0,2,1,1,0&1,1,0,0,?
Reseda_alba,?,0,1,1&2,0&1,1,0,1,3,1,1&2,?,?,?,?,?,?,?,?,?,?,?,3,1,?,?,?,1,?,?
Reynoutria_sachalinensis,?,0,1,0,1,?,0,0,3,?,1,?,0,?,?,?,?,?,0,?,?,0,?,?,1,0&1,?,?,?,?
Rhabdodendron_amazonicum,0,0,1,1,1,0,0,1,3,1,2,0,0,0,?,0,0,1,?,?,?,?,0,?,1,?,0,?,3&4,2
Rhamnus_cathartica,0,0,1,0&1,?,0,0,0&1,2,0&1,0,1,0,?,0,1,0,?,0,0,2,0,3,1,1,1,0,?,3,2
Rhizophora_stylosa,0,1,1,1,0&1,0,0,1,2,1,1,0,0,0,0,0,?,1,0,1,2,0,1,1,1,1,1,0,3,2
Rhododendron_hippophaeoides,0,?,1,1,1,1,0,1,3,1,1,?,0,?,?,?,?,?,0,?,?,?,?,1,1,1,?,?,3,2
Rhodohypoxis_milloides,0,1,1,1,1,0,0,1,1,0,1,?,0,1,0,1,?,?,0,1,1,0,2,1,1,?,?,0,?,?
Rhodoleia_championii,0,1,1,0,?,1,0,1,?,1,0&1&2,?,?,?,0,0,?,?,?,?,?,?,?,?,1,?,?,0,3,0&2
Rhus_copallinum,?,?,?,?,?,?,0,?,?,?,?,?,?,0,0,1,0,?,0,?,?,?,?,?,?,?,?,?,?,?
Rhynchoglossum_notonianum,0,0,1,1,0&1,1,0,1,3,1,0,?,0,1,0,?,?,?,0,0,2&3,0,1,1,1,1,2,1,?,?
Rhynchospora_latifolia,0,0,0,?,?,?,?,?,?,?,0,?,0,0,?,0,?,?,?,?,?,?,?,?,?,?,0,?,?,?
Ribes_aureum,0,1,1,1,0,0,0,1,3,1,0,?,0,0,0,?,0,1,0,0,3,0,1,?,1,1,?,1,4,1
Ricinus_communis,1,0,1,0,?,0,0,0,3,0,2,?,?,?,?,?,0,1,?,?,?,0,2,1,1,1,0,0,3,2
Rinorea_pubiflora,0,0,1,1,0,1,0,1,3,1,0,0,0,0,0,1,?,0,0,0,3,0,2,1,1,1,0&1&2,?,?,?
Rivina_humilis,0,0,1,0,0,0,0,0,2,0,0,1,0,0,?,1,0,0,0,0,2,?,0,?,1,?,0,?,?,?
Roridula_gorgonias,0,1,1,1,0,0,0,1,3,1,0,1,0,0,0,?,0,0,0,0,3,0,2,1,1,1,1&2,0,3,0
Roupala_montana,0,0,1,0,0,0,0,0,2,0,0,?,?,?,?,?,?,?,?,?,?,?,0,?,?,?,1,?,?,?
Rourea_minor,0,0,1,1,1,0,0,1,3,1,1,?,?,?,0,?,0,?,?,?,?,?,3,0,1,?,1,?,3,2
Roussea_simplex,0,0,1,1,0&1,0,?,1,2&3,1,0,?,0,?,2,0,?,?,?,?,2&3,?,?,?,1,1,?,0,?,?
Ruptiliocarpon_caracolito,1,0,1,1,0,0,0,1,3,1,1,1,1,0,?,0,?,1,0,1,3,0,1,1,1,?,1,0,?,?
Sabia_swinhoei,0,0,1,1,0,0,?,1,3,1,0,?,0,?,0,?,?,?,?,0,3,?,1,1,1,1,1,?,3,2
Saccharum_officinarum,0,0,1,0,0,?,?,0,?,?,0,1,?,0,?,0,0,?,0,0,1,?,0,?,1,?,0,?,1,1
Sacoglottis_amazonica,0,?,1,1,0&1,0,0,1,3,1,1,0,0&1,?,?,1,?,?,0,0,3,0,3,1,1,1,0,?,?,?
Salix_reticulata,1,0,?,?,?,?,?,?,?,?,0,?,0,0,?,?,?,?,?,?,0,?,1,1,1,1,2,0,3,2
Sambucus_racemosa,0,?,1,1,?,0,0,1,3,1,0,?,?,1,2,?,?,?,0,0,3,?,2&3,1,0,?,0,0,?,?
Sanicula_gregaria,1,1,1,1,0&1,0,0,1,3,1,0,1,?,?,?,1,0,0,0,0,3,0,1,1,1,0,?,?,4,2
Santalum_album,0,0,1,0,1,0,0,0,2,?,0,?,0,0,0,1,?,?,0,0,2,0,2&3,1,1,1,0,2,2&3&4,2
Sarcandra_chloranthoides,0,?,0,?,?,?,?,?,?,?,0,0,?,?,0,0,1,0,?,?,?,?,0,?,0,?,0,?,4,1
Sarcobatus_vermiculatus,1,1,0&1,0,1,0,0,0,0,0,?,?,?,?,?,?,?,?,?,?,?,0,1,1,?,?,0,?,?,?
Sargentodoxa_cuneata,0,0,1,2,?,0,0,2,1,1,1,1,0,?,2,0,0,1,0,?,?,0,4,0,1,0,0,?,2&3,2
Sarracenia_purpurea,0,0,1,1,0,0,0,1,3,1,2,1,0&1,0,2,1,0,0,0,1,?,0,3,1,1,1,2,0,4,2
Saruma_henryi,0,1,1,1,0,0,0,1,1,1,2,0,?,?,?,1,0,1,?,?,?,0,4,1,0,?,?,1,1,0
Sassafras_albidum,0,0,1,1,?,0,0,1,1,1,1,1,0,?,0,0,2,1,0,2,1,?,0,?,1,?,0,?,3,2
Saururus_cernuus,0,0,0,?,?,?,?,?,?,?,1,1,0,?,?,0,?,0,?,?,?,?,3,1,1,0,1,?,1,?
Sauvagesia_erecta,0,0,1,1,0,0,0,1,3,1,0,0,0,0,0&1,0,0,1,0,1,3,0,2,1,1,1,2,1,3,2
Saxifraga_cernua,0,1,1,1,0,0,0,1,3,1,1,1,0,0,?,?,0,0,0,1,3,0,1,1,1,0,2,?,?,?
Scabiosa_columbaria,0,1,?,?,1,1,0,?,3,1,0,?,?,?,?,1,?,?,?,?,2,?,?,?,?,?,?,?,?,?
Scaevola_aemula,0,1,1,1,0&1,1,0,1,3,1,0,1,0,?,0,0,?,?,?,?,3,?,1,?,1,1,?,?,3,2
Schefflera_arboricola,0,1,?,?,?,0,0,1,?,1,?,?,?,?,0,?,0,?,?,?,3,?,3&4,?,?,?,?,?,?,?
Schinus_molle,?,0,1,1,0&1,0,0,1,3,1,1,1,0,0,1,1,0,0,0,1,3,0,2,1,1,0,0,?,3,2
Schisandra_chinensis,1,0,1,0&1,0,0,1,?,?,0,0&1,?,0,0,2,0,0,?,?,?,?,1,4,0,1,0,1&2,?,4,0
Schoepfia_schreberi,0,0,1,1,1,1,0,1,3,1,0,1,0,1,0,1,0,?,0,0,3,0,2,1,1,1,0,2,4,1
Schotia_brachypetala,0,0,1,1,0,0,0,1,3,1,1,1,0,0,?,1,?,?,0,1,3,?,0,?,?,?,1&2,?,3,2
Scrophularia_californica,0,0,1,1,1,1,0,1,3,1,0,1,?,0&1,2,0,0,?,0,0,3,?,1,1,1,?,2,0,?,?
Scyphostegia_borneensis,1,0,1,1,1,0,0,1,1,0&1,0,?,1,0,2,1,0,1,0,0,1,?,4,1,0,?,2,?,3,0
Sedum_rubrotinctum,0,0,?,?,?,0,0,1,?,1,?,?,?,?,?,?,0,?,?,?,?,?,?,?,?,?,?,?,?,?
Sesamum_indicum,0,0,1,1,1,1,0,1,3,1,0,1,0,1,0,1,0,1,0,0,3,0,1,1,1,1,2,0,4,0
Simmondsia_chinensis,1,0,1,0&1,0,0,0,0,2&3,0,1&2,0,0,0,2,0,0,0,?,?,?,?,2,1,1,0,?,0,3,0
Sinadoxa_corydalifolia,0,1,1,0&1,?,?,0,1,0&1&2,1,0,1,?,?,2,?,?,?,?,?,?,?,?,?,1,?,0,?,?,?
Siparuna_decipiens,1,0,1,0&1,1,0,?,?,?,?,0&1,?,0,0,0,?,2,0,?,?,?,?,3&4,0,1,1,0,?,?,?
Siphonodon_celastrineus,0,1,1,1,?,0,?,1,3,1,0,0,1,?,1,?,?,?,0,0,3,?,?,1,?,?,0,?,3,1
Sloanea_latifolia,0,0,1,0,0,0,0,0,2,?,2,1,0,0,?,?,0,1,?,?,?,0,3,1,1,1,?,?,?,?
Smilax_glauca,0&1,0,1,1,0,0,0,1,1,0&1,1,?,0,1,0,0,?,?,?,?,?,?,2,1,1,?,0&1,?,0,?
Solanum_dulcamara,0,0,1,1,1,0,0,1,3,1,0,?,0,0,2,0,0,?,0,0,3,0,1,1,1,?,?,0,3,2
Soyauxia_talbotii,0,0,1,1,1,0,0,1,3,1,2,1,0,0,?,?,?,0,?,?,?,0,?,1,1,0,1,?,?,?
Sparganium_eurycarpum,1,0&1,1,0,0&1,?,0,?,?,0,0&1,1,1,?,?,0,0,1,?,?,?,?,0&1&2,1,1,1,0,?,?,?
Spathiostemon_javensis,1,0,1,0,?,0,0,0,1&2&3,0,2,?,?,?,?,?,0,?,?,?,?,0,2,1,1,?,0,0,3,2
Spathiphyllum_wallisii,0,0,1,1,0,0,0,1,1,0,1,?,0,?,?,?,?,1,0,1,1,0,2,1,1,1,1,0,?,?
Sphenoclea_zeylanica,0,1,1,1,1,0,0,1,3,1,0,0,0,1,0,1,0,?,0,0,3,?,2,1,1,?,?,0,3,2
Sphenostemon_lobosporus,1,0,1,0,0,0,0,0,2,0,1,?,0,?,0,?,0,?,?,?,?,0,1,1,0,?,0,?,?,?
Spigelia_marilandica,0,0,1,1,1,0,0,1,3,1,0,?,?,1,?,?,?,?,0,?,3,0,1,1,1,?,?,?,3,1
Spinacia_oleracea,1,0,0&1,0,0,0,0,0,2,0,0,1,1,?,0,1,0,0,0,0,2,?,?,1,1,?,0,?,4,1
Spiraea_betulifolia,0,?,1,1,0,0,0,1,3,1,1&2,1,?,0,?,?,?,?,?,?,?,?,3,0,?,?,?,?,?,?
Stachyurus_praecox,?,?,1,1,?,0,0,2,0&2,1,1,?,0,0,0,?,0,?,0,1,2,?,3,1,1,?,?,?,3,2
Stackhousia_minima,0,0,1,1,?,0,0,1,3,?,0,?,?,0,?,?,0,0,0,0,3,?,2,1,1,?,?,?,?,?
Staphylea_trifolia,0,0,1,1,1,0,0,1,3,1,0,1,0,1,0,1,0,1,0,0,3,0,1&2,1,1,1,2,0,?,?
Stegnosperma_halimifolium,0,0,1,1,0,0,0,1,3,1,1,1,1,0,?,1,?,1,0,0,?,0,3,1,1,?,0,?,3,0
Stegolepis_ligulata,0,0,1,1,1,0,0,1,1,1,1,?,0&1,?,?,0,0,?,?,?,?,0,2,1,1,1,?,0,?,?
Stellaria_media,0,0,1,1,0,0,0,1,3,1,0&1,1,0,0,?,?,?,?,0,0,1&2&3,0,?,?,1,?,?,?,4,1
Sterculia_apetala,0&1,0,1,0,1,0,0,0,3,?,2,?,?,?,2,?,0,?,?,?,?,0,3,1,1,1,1&2,0,?,?
Strasburgeria_robusta,0,0,1,2,0,0,0&1,?,3,1,1,?,0,0,0,1,0,1,0,0,?,?,3&4,1,1,?,1,0,3&4,2
Strelitzia_reginae,0,?,1,1,0&1,1,0,0,?,0,0,1,?,?,?,?,?,1,?,?,?,?,?,?,1,?,2,?,0,?
Strychnos_nuxvomica,0,0,1,1,1,0,0,1,3,1,0,1,0,1,?,0,0,?,0,0,3,0,1,1,1,?,?,0,3,0&2
Stylidium_graminifolium,0,1,1,1,0&1,1,0,1,3,1,0,?,1,?,2,0,0,0,0,0,0,0,1,1,0,?,2,0,4,0
Stylobasium_spathulatum,0,0,1,0,?,0,0,0,3,0,1,1,0,0,2,0,0,?,0,1,3,?,0,?,?,?,1,?,?,?
Styrax_officinalis,0,1,1,1&2,1,0,0,1,3,1,1&2,1,0,1,0,1,0,?,0,1,3,0,2,1,1,1,2,0,3,2
Sullivantia_oregana,0,1,1,1,0,0,0,1,3,1,0,?,0,0,?,?,0,?,0,0,3,0,1,1,1,0,?,0,?,?
Suregada_boiviniana,1,0,1,0&1,0,?,?,0,?,?,1&2,?,0,?,2,?,0,?,?,?,?,?,2,?,1,0&1,0,?,?,?
Swietenia_macrophylla,0,0,1,1,0&1,0,0,1,3,1,1,?,1,?,1,1,0,1,0,0,3,0,3,1,1,1,2,0,?,?
Symphonia_tanalensis,0,0,1,1,?,0,0,1,3,1,2,1,1,?,?,?,0,?,0,0,?,0,3,1,1,?,2,?,?,?
Symphoricarpos_albus,0,1,1,1,1,0,0,1,3,1,0,1,0,1,?,?,?,?,0,0,3,?,3,1,?,?,1,0,3,2
Symplocos_zizyphoides,0,1,1,1,0&1,0,0,1,3,1,2,?,0&1,0&1,0,0,0,?,?,?,?,0,2,1,1,1,1&2,0,?,?
Syringa_vulgaris,0,0,1,1,1,?,0,1,2,1,0,1,?,1,?,?,?,?,?,?,?,0,1,1,1,1,1,?,3,2
Tacca_chantrieri,0,1,1,1,1,0,0,1,1,1,1,?,0,?,0,?,?,1,?,?,?,?,?,?,1,?,?,1,1,0
Tagetes_erecta,1,1,1,0,1,0&1,0,1,3,1,0,1,0,?,0,0,?,?,0,0,3,?,1,1,1,1,0,?,?,?
Takhtajania_perrieri,0,0,1,2,0&1,0,0,2,0&2&3,1,2,0,0,0,2,0,0,0,0,2,0&1&3,?,1,1,0,?,2,?,?,?
Talinum_paniculatum,0,0,1,1,0,0,0,1,1&3,1,1&2,?,?,?,0,?,0,?,?,?,?,?,2,?,1,?,?,2,4,0
Tamarix_chinensis,0,?,1,1,0,0,0,1,3,1,0,1,0,0,2,?,0,?,0,0,3,0,?,?,1,0,?,?,2&3&4,0
Tapiscia_sinensis,?,0,1,1,1,0,0,1,3,1,0,?,?,?,0,1,0,?,0,0,3,?,?,1,1,?,?,0,3,2
Tapura_guianensis,0,0,1,1,1,1,0,1,3,1,0,0,?,1,0,1,?,?,0,0,3,0,2,1,1,1,1,?,?,?
Tasmannia_insipida,0&1,0,1,0&1,0&1,?,0,?,?,1,2,1,0,?,?,?,?,?,?,?,?,?,0,?,?,?,2,?,?,?
Tecophilaea_cyanocrocus,0,1,1,1,0&1,0,0,1,1,1,0,?,0,1,?,0,0,?,0,1,1,0,2,1,1,?,?,0,?,?
Terminalia_catappa,1,1,1,0,1,0,0,0,3,0,1,?,0,0,?,1,0,0,0,1,3,0,1&2,1,1,1,1,?,4,0&2
Ternstroemia_stahlii,0,0,1,1,1,0,0,1,3,1,2,?,?,0&1,?,0,0,1,0,1,?,0,1,1,1,1,2,0,?,?
Tetracarpaea_tasmanica,0,0,1,1,0&1,0,0,1,2,1,0&1,?,0&1,0,1,0,0,?,0,1,2,0,3,0&1,0,?,2,?,3,0
Tetracentron_sinense,0,1,1,0,0,0,0,1,0,0,0,1,0,0,1,0,1,0,0,0&1,0&1&2,0,3,1,1,0,2,1,3,2
Tetracera_asiatica,0,0,1,1,?,0,0,1,?,1,?,?,?,0,?,0,?,?,?,?,?,?,0&1&2&3,?,1,0,2,?,?,?
Tetracoccus_dioicus,1,0,1,1&2,?,?,0,0,?,?,0&1,?,?,?,?,?,?,?,?,?,?,0,3,1,1,?,1,0,?,?
Tetradoxa_omeiensis,0,1,1,1,?,?,0,1,2&3,1,0,1,?,?,?,?,?,?,?,?,?,?,?,?,1,?,0,?,?,?
Tetrameles_nudiflora,?,1,1,0,1,0,0,0,2&3,0,0,1,?,?,?,0,?,?,?,?,?,?,3,1,1,0,?,1,3,2
Tetramerista_crassifolia,0,0,1,1,0,0,0,1,2,?,0,0,0&1,0,?,0,?,?,0,0,2,0,3,1,1,1,0,?,3,2
Tetrapanax_papyrifer,0,1,?,?,0&1,0,0,1,2&3,1,0,1,0,?,1,1,0,0,0,0,2&3,0,1,1,1,0,1,?,3,2
Tetraplasandra_hawaiensis,0,1,?,?,0&1,0,0,1,3,1,2,1,0,?,1,1,0,0,0,0,?,?,?,?,1,1,0,?,?,?
Tetrapterys_tinifolia,0,0,1,1,?,1,0,1,3,1,?,0,1,?,?,?,?,0,0,?,?,0,2,?,1,0,?,?,?,?
Tetrorchidium_gabonense,?,0,1,0,?,?,0,0,?,?,0,?,?,?,?,?,?,?,?,?,?,?,2,?,0,0,0,?,?,?
Thomandersia_laurifolia,0,0,1,1,?,1,0,1,3,1,0,1,0,?,?,?,?,?,0,0,3,0,1,1,1,1,0&1&2,0,?,?
Thottea_tomentosa,0,1,1,0,1,0,0,0,1,0,1,?,0,?,2,1,0,1,0,0,?,0,3,?,0,1,?,1,?,?
Thryallis_latifolia,0,0,1,1,?,1,0,1,3,1,1,?,?,?,?,0,0,?,0,1,3,0,1&2,?,1,?,0,?,3,1
Thunbergia_alata,0,0,?,?,1,1,0,1,3,1,0,1,0,1,0,1,0,1,0,0,?,0,1,1,1,1,1,0,?,?
Thymelaea_hirsuta,0,0,1,0,1,0,0,0,2,?,1,?,?,?,?,?,0,?,?,1,?,?,0,?,1,?,0,0,?,?
Tinospora_sinensis,1,0,1,2,0,0,0,2,1,1,1,?,0,?,2,?,0,?,0,1,1,0,2,0,1,0,1,?,?,?
Titanotrichum_oldhamii,0,0,1,1,0&1,1,0,1,3,1,0,?,0,1,?,0,0,?,?,?,?,?,?,?,1,?,?,1,?,?
Tofieldia_calyculata,0,0,1,1,0,0,0,1,1,0,1,1,0,0,?,1,?,0,0,1,1,0,2&3,?,?,0,2,0,2,0
Torricellia_tiliifolia,1,1,1,0&1,0&1,0,?,0&1,3,1,0,?,0,?,?,?,0,?,0,0,3,0,2&3,1,1,?,0,?,?,?
Touroulia_guianensis,?,0,1,1,0&1,0,0,1,3,1,2,1,0,0,?,1,0,0,0,0,?,0,3,1,1,0,1,0,?,?
Tovaria_pendula,0,0,1,2,?,0,0,1,?,1,1,1,0,?,1,0,0,1,?,?,?,?,4,1,1,?,2,0,2&3,2
Trachycarpus_fortunei,0,?,1,1,?,?,0,1,1,1,1,?,?,?,?,?,?,?,?,?,?,?,?,?,?,?,?,?,?,?
Tradescantia_spathacea,0,0,1,1,0,0,0,1,1,1,1,?,0,0,?,?,0,?,0,1,1,?,2,1,1,1,0&1,?,?,?
Tragopogon_dubius,0,1,1,0,1,1,0,1,3,1,0,?,0,1,0,0,?,?,?,0,3,?,1,1,1,1,0,?,3,2
Trichilia_emetica,0,0,1,1,0&1,0,0,1,3,1,1,0,1,0,0,1,0,?,0,?,?,0,1&2,1,1,1,1,0,?,?
Triglochin_maritima,0,0,1,1,0,0,0,1,1,0,1,?,0,0,2,0,0,0,0,1,1,0,4,1,0,0,0,?,0,?
Trigonia_nivea,0,0,1,1,?,1,0,1,3,1,1,?,1,?,0,0,?,?,?,?,?,0,2,1,1,1,?,0,3&4,1
Trigonostemon_verrucosus,1,0,1,1,?,0,0,1,3,1,0,?,?,?,2,?,0,?,0,0,1,0,2,1,1,?,0,?,?,?
Trillium_erectum,0,0,1,1,?,0,0,1,1,1,1,1,?,?,0,0,0,1,0,1,1,?,2,?,?,?,?,?,?,?
Trimenia_moorei,1,0,1,0&1&2,0,0,1,?,?,1,1&2,1,0,0,2,0,0,1,1,?,?,?,0,?,0,?,0,?,2,0
Triosteum_perfoliatum,0,1,1,1,0&1,1,0,1,3,1,0,?,?,1,?,?,?,?,?,?,?,?,3,1,1,?,0,0,?,?
Triphyophyllum_peltatum,0,0,1,1,0&1,0,0,1,3,1,1,?,?,?,0,0,0,?,0,?,?,?,3,1,1,1,?,?,?,0
Triplostegia_glandulifera,0,1,1,1,1,1,0,1,2&3,1,0,1,?,1,0,?,0,?,0,?,?,?,1,1,?,?,0,?,3&4,0&2
Tripterygium_wilfordii,?,0,1,1,0,0,0,1,3,1,0,?,?,?,0,?,0,?,?,?,?,?,?,?,1,?,?,0,3,2
Trithuria_submersa,1,0,0,?,?,?,?,?,?,?,0,1,?,?,1,0,0,1,?,?,?,?,0,?,0,?,0,?,?,?
Trochodendron_aralioides,0,1,0,?,?,?,?,?,?,?,2,1,0,0,1,0,?,0,?,?,?,0,3&4,1,1,0,2,1,3,0
Tropaeolum_tricolor,0,0,1,1,0,1,0,1,3,1,1,1,0,?,1,0,0,?,?,?,?,0,2,1,1,1,0,0,3,2
Turnera_ulmifolia,0,0,1,1,0&1,0,0,1,3,1,0,1,0,0&1,0,0,0,?,0,0,3,0,2,1,1,?,2,1,0,?
Typha_latifolia,1,0,0,?,?,?,?,?,?,?,0,?,?,?,?,0,0,?,?,?,?,?,0,?,1,?,0,?,1,1
Urtica_dioica,1,0,1,0,0&1,0,0,0,2,0,0,?,?,?,?,0,0,?,?,?,?,?,0,?,0,?,0,?,3,1
Utricularia_alpina,0,0,?,?,0&1,1,0,1,?,1,0,0,0,0&1,?,?,?,?,?,0,0,?,1,1,1,?,?,0,4,2
Vaccinium_uliginosum,0,1,1,1,1,0,0,1,2&3,1,1,?,0,0,?,?,?,?,0,?,?,0,3,1,1,1,?,?,3,2
Vahlia_capensis,0,1,1,1,0,0,0,1,3,1,0,1,0,0,0,1,0,0,0,0,3,0,1,1,1,0,2,?,?,?
Valdivia_gayana,0,?,1,1&2,1,0,0,1,3,1,0&1,1,?,?,?,?,?,?,0,0,3,0,2,1,1,1,?,0,?,?
Valeriana_officinalis,0,1,1,1,1,0,0,1,3,1,0,?,?,?,?,?,0,?,?,?,?,0,2,?,1,?,0,?,3,0
Valerianella_locusta,0,1,1,0,1,1,0,1,3,1,0,1,0,1,?,?,?,?,0,0,?,?,2,1,1,1,0,?,3,0
Vantanea_guianensis,0,0,1,1,1,0,0,1,3,1,2,1,0&1,0,0,1,0,1,0,?,?,0,3,1,1,?,1,0,?,?
Verbascum_thapsus,0,0,1,1,1,1,0,1,3,1,0,1,?,?,?,?,0,?,0,0,3,?,1,1,1,?,?,0,3,2
Veronica_anagallisaquatica,0,0,1,1,?,1,0,1,2,1,0,?,?,0&1,?,?,?,?,0,0,0,?,1,?,1,?,?,0,3,0
Viburnum_acerifolium,0,1,1,1,1,0,0,1,3,1,0,1,?,1,?,?,?,?,0,0,3,0,2,1,1,1,0,?,3,2
Villarsia_calthifolia,0,1,1,1,1,0,0,1,3,1,0,1,0,1,0,1,?,?,0,0,3,?,1,1,1,1,2,1,?,?
Viola_pubescens,0,0,1,1,0,1,0,1,3,1,0,?,0,0,?,?,?,0,0,0,3,0,2,1,1,1,2,?,3,2
Vismia_baccifera,0,0,1,1,?,0,0,1,3,1,2,?,1,?,?,1,0,?,0,1,3,0,3,1,1,0&1,2,0,?,?
Vitekorchis_excavata,0,1,1,1,0,1,?,1,1,1,0,?,?,0,?,?,?,?,?,0,1,0,2,1,?,?,2,1,?,?
Vitis_aestivalis,1,?,1,0,?,?,?,?,3,?,0,?,?,?,0,1,?,?,?,?,3,1,1,1,1,1,1,?,3,2
Viviania_marifolia,0,0,1,1,0&1,0,0,1,3,1,1,1,0,0,1,?,0,0,0,1,3,0,2,1,1,1,1,0,4,1
Vochysia_guatemalensis,0,?,?,?,?,1,0,?,?,1,?,?,?,0,0,?,0,?,?,?,?,?,?,?,1,?,?,?,3,2
Vriesea_psittacina,0,1,1,1,0&1,?,0,1,1,1,1,1,0,1,?,0,?,?,0,1,1,?,?,?,?,?,?,?,?,?
Weigela_hortensis,0,1,1,1,0&1,1,0,1,3,1,0,?,?,?,?,?,?,?,0,0,3,?,1,?,1,?,?,?,?,?
Wittsteinia_vacciniacea,0,1,1,1,1,0,?,1,3,1,0,?,0,0&1,0,1,?,?,?,?,3,?,1,?,1,1,?,0,3,0
Xanthorhiza_simplicissima,0,0,1,1,0,0,?,?,?,1,0&1,1,0,0,?,0,0,?,?,1,3,?,3&4,?,1,?,1,?,4,1
Xanthorrhoea_resinosa,0,0,1,1,0,0,0,1,1,1,1,1,0,0,0,1,0,?,0,1,1,0,2,1,1,?,?,0,?,?
Xanthosoma_sagittifolium,1,0,0,?,?,?,?,?,?,?,0&1,?,?,?,2,?,0,?,?,?,?,?,1&2&3&4,1,1,1,2,0&1,?,?
Xerophyta_elegans,0,1,1,1,0&1,0,0,1,1,0&1,1,?,?,?,0&1&2,0,0,?,0,1,1,0,2,1,1,?,2,0,1,0
Xerophyta_retinervis,0,1,1,1,0&1,0,0,1,1,0,1,?,?,?,0,0,0,?,0,1,1,0,2,1,1,1,2,0,?,?
Xerosicyos_danguyi,?,1,?,?,?,?,0,1,2,1,0,?,?,?,2,?,0,?,0,0,?,?,?,1,1,?,?,?,3,2
Ximenia_americana,0,0,1,1,1,0,0,1,2&3,1,0&1,1,0,?,?,0,0,?,0,1,2,0,3,?,1,?,?,0,3,2
Xyris_jupicai,0,0,1,1,0,0,0,1,1,1,0,?,0,0,?,?,?,?,?,0,1,?,2,1,1,1,?,1,?,?
Yucca_filamentosa,0,0,1,1,0,0,0,1,1,0,1,?,?,?,?,?,0,?,?,?,?,0,2,1,1,?,?,?,1,0
Zabelia_tyaihyonii,0,1,?,?,?,?,0,1,3,1,?,?,?,?,?,?,?,?,?,?,?,?,?,?,?,?,?,?,?,?
Zea_mays,0,0,0&1,0,0,?,?,0,?,?,0,1,0,0,?,0,0,?,?,0,1,?,0,?,1,?,0,?,1,1
Zelkova_serrata,?,0,1,0&1,0&1,?,0,0,2&3,0,1,?,0,0,?,?,0,?,?,?,?,?,1,?,1,?,0,1,?,?
Zingiber_gramineum,0,1,1,1,?,1,0,1,1,1,0,?,0&1,0,0,?,0,?,0,1,0&1,?,2,?,?,?,?,?,?,?